{"stats":{"minecraft:crafted":{"minecraft:oak_planks":172,"minecraft:barrel":7,"minecraft:blaze_powder":14,"minecraft:stone":1,"minecraft:lever":3,"minecraft:diamond_shovel":1,"minecraft:suspicious_stew":2,"minecraft:hopper":2,"minecraft:diamond_leggings":1,"minecraft:diamond_helmet":1,"minecraft:iron_boots":1,"minecraft:chest":18,"minecraft:ender_eye":12,"minecraft:oak_slab":42,"minecraft:emerald":949,"minecraft:cooked_porkchop":6,"minecraft:diamond_axe":5,"minecraft:crafting_table":2,"minecraft:spruce_planks":368,"minecraft:wooden_pickaxe":1,"minecraft:smithing_table":1,"minecraft:fletching_table":3,"minecraft:apple":64,"minecraft:spruce_trapdoor":12,"minecraft:iron_chestplate":1,"minecraft:diamond_pickaxe":1,"minecraft:shield":1,"minecraft:stick":200,"minecraft:iron_ingot":143,"minecraft:iron_pickaxe":2,"minecraft:iron_block":1,"minecraft:gold_ingot":25,"minecraft:composter":2,"minecraft:spruce_fence_gate":3,"minecraft:shears":1,"minecraft:golden_carrot":72,"minecraft:oak_door":3,"minecraft:cookie":216,"minecraft:redstone":24,"minecraft:tripwire_hook":6,"minecraft:experience_bottle":12,"minecraft:furnace":2,"minecraft:oak_trapdoor":4,"minecraft:flint_and_steel":1,"minecraft:iron_axe":55,"minecraft:iron_hoe":1,"minecraft:ender_pearl":12,"minecraft:stone_pickaxe":1,"minecraft:diamond_boots":1,"minecraft:cooked_beef":10,"minecraft:diamond_sword":1,"minecraft:bell":9,"minecraft:cooked_salmon":2,"minecraft:bucket":1,"minecraft:stone_axe":13,"minecraft:glowstone":12,"minecraft:bread":192,"minecraft:air":0,"minecraft:oak_boat":3,"minecraft:white_wool":55,"minecraft:iron_shovel":3,"minecraft:iron_leggings":1,"minecraft:anvil":1,"minecraft:white_bed":7,"minecraft:torch":48,"minecraft:lapis_lazuli":12,"minecraft:diamond_chestplate":1},"minecraft:picked_up":{"minecraft:wheat":48,"minecraft:enchanted_book":1,"minecraft:potion":1,"minecraft:nether_brick":7,"minecraft:brewing_stand":1,"minecraft:string":8464,"minecraft:gold_nugget":32,"minecraft:cobbled_deepslate":119,"minecraft:spruce_planks":12,"minecraft:calcite":37,"minecraft:ender_eye":1,"minecraft:iron_pickaxe":1,"minecraft:furnace":17,"minecraft:stick":11,"minecraft:torch":32,"minecraft:spruce_stairs":10,"minecraft:porkchop":7,"minecraft:pointed_dripstone":5,"minecraft:diorite":2,"minecraft:rotten_flesh":33,"minecraft:blaze_rod":13,"minecraft:snowball":271,"minecraft:obsidian":30,"minecraft:cobblestone":267,"minecraft:smoker":1,"minecraft:flint":16,"minecraft:stripped_spruce_wood":71,"minecraft:tuff":2,"minecraft:lapis_lazuli":75,"minecraft:lantern":3,"minecraft:dirt":403,"minecraft:bone":20,"minecraft:stonecutter":1,"minecraft:wheat_seeds":138,"minecraft:raw_gold":25,"minecraft:bell":10,"minecraft:grindstone":2,"minecraft:fletching_table":3,"minecraft:oak_planks":41,"minecraft:stripped_spruce_log":18,"minecraft:spectral_arrow":10,"minecraft:barrel":13,"minecraft:diamond":93,"minecraft:lever":11,"minecraft:emerald":1,"minecraft:netherrack":455,"minecraft:crafting_table":10,"minecraft:chest_minecart":1,"minecraft:chain":10,"minecraft:oak_trapdoor":12,"minecraft:blackstone":36,"minecraft:beef":22,"minecraft:oak_boat":7,"minecraft:poppy":4,"minecraft:sugar_cane":2,"minecraft:chest":5,"minecraft:spruce_trapdoor":9,"minecraft:raw_iron":53,"minecraft:spruce_fence":1,"minecraft:redstone":188,"minecraft:arrow":18,"minecraft:nether_bricks":4,"minecraft:gold_ingot":4,"minecraft:rail":3,"minecraft:tripwire_hook":16,"minecraft:glow_ink_sac":4,"minecraft:salmon":2,"minecraft:leather":19,"minecraft:oak_log":43,"minecraft:gunpowder":11,"minecraft:blue_bed":12,"minecraft:iron_ingot":16,"minecraft:oak_slab":40,"minecraft:quartz":11,"minecraft:dripstone_block":2,"minecraft:gravel":182,"minecraft:amethyst_shard":12,"minecraft:spruce_sapling":16,"minecraft:blast_furnace":1,"minecraft:white_bed":3,"minecraft:spruce_log":36,"minecraft:crying_obsidian":2,"minecraft:spider_eye":1,"minecraft:coal":149,"minecraft:hopper":23},"minecraft:custom":{"minecraft:animals_bred":10,"minecraft:interact_with_crafting_table":66,"minecraft:open_barrel":7,"minecraft:bell_ring":93,"minecraft:leave_game":6,"minecraft:time_since_death":455188,"minecraft:sprint_one_cm":1136572,"minecraft:damage_blocked_by_shield":2863,"minecraft:drop":506,"minecraft:talked_to_villager":171,"minecraft:play_time":480446,"minecraft:deaths":1,"minecraft:jump":6821,"minecraft:walk_on_water_one_cm":259026,"minecraft:interact_with_furnace":29,"minecraft:traded_with_villager":1178,"minecraft:sleep_in_bed":26,"minecraft:damage_dealt":23184,"minecraft:crouch_one_cm":79061,"minecraft:interact_with_anvil":1,"minecraft:mob_kills":110,"minecraft:inspect_hopper":44,"minecraft:walk_one_cm":799501,"minecraft:sneak_time":31628,"minecraft:walk_under_water_one_cm":32666,"minecraft:interact_with_blast_furnace":2,"minecraft:total_world_time":480446,"minecraft:time_since_rest":9046,"minecraft:damage_absorbed":26,"minecraft:damage_taken":3143,"minecraft:swim_one_cm":31719,"minecraft:fly_one_cm":1012507,"minecraft:open_chest":275,"minecraft:fall_one_cm":143563},"minecraft:broken":{"minecraft:stone_pickaxe":1,"minecraft:iron_axe":1,"minecraft:iron_pickaxe":1},"minecraft:mined":{"minecraft:spruce_planks":12,"minecraft:white_bed":3,"minecraft:brewing_stand":1,"minecraft:obsidian":27,"minecraft:spruce_trapdoor":11,"minecraft:budding_amethyst":1,"minecraft:grass_block":159,"minecraft:hopper":25,"minecraft:spawner":1,"minecraft:cobbled_deepslate":13,"minecraft:iron_ore":32,"minecraft:fire":67,"minecraft:barrel":13,"minecraft:fletching_table":3,"minecraft:deepslate_lapis_ore":3,"minecraft:dirt_path":63,"minecraft:tripwire":49,"minecraft:deepslate_redstone_ore":41,"minecraft:smoker":1,"minecraft:medium_amethyst_bud":2,"minecraft:amethyst_cluster":3,"minecraft:torch":7,"minecraft:blast_furnace":1,"minecraft:calcite":37,"minecraft:chest":6,"minecraft:nether_quartz_ore":6,"minecraft:cobblestone":122,"minecraft:grindstone":2,"minecraft:oak_planks":35,"minecraft:wall_torch":5,"minecraft:amethyst_block":4,"minecraft:chain":11,"minecraft:wheat":50,"minecraft:light_gray_wool":1,"minecraft:oak_log":42,"minecraft:dirt":197,"minecraft:smooth_basalt":3,"minecraft:tripwire_hook":12,"minecraft:stonecutter":1,"minecraft:netherrack":434,"minecraft:deepslate":96,"minecraft:nether_gold_ore":9,"minecraft:tuff":2,"minecraft:deepslate_diamond_ore":93,"minecraft:lever":8,"minecraft:nether_bricks":4,"minecraft:spruce_fence":1,"minecraft:redstone_wire":5,"minecraft:spruce_leaves":116,"minecraft:large_fern":2,"minecraft:oak_trapdoor":12,"minecraft:furnace":17,"minecraft:snow":239,"minecraft:stripped_spruce_log":18,"minecraft:bell":9,"minecraft:deepslate_iron_ore":21,"minecraft:lantern":3,"minecraft:packed_ice":1,"minecraft:stone":148,"minecraft:oak_slab":44,"minecraft:snow_block":4,"minecraft:crafting_table":11,"minecraft:short_grass":75,"minecraft:lapis_ore":9,"minecraft:deepslate_gold_ore":25,"minecraft:blue_bed":13,"minecraft:spruce_stairs":10,"minecraft:stripped_spruce_wood":74,"minecraft:ice":29,"minecraft:spruce_log":35,"minecraft:coal_ore":53,"minecraft:gravel":152},"minecraft:used":{"minecraft:poppy":3,"minecraft:chest":22,"minecraft:shield":77,"minecraft:stone":1,"minecraft:bell":11,"minecraft:iron_chestplate":1,"minecraft:nether_bricks":4,"minecraft:tuff":2,"minecraft:snowball":28,"minecraft:obsidian":25,"minecraft:lantern":3,"minecraft:furnace":19,"minecraft:stripped_spruce_wood":1,"minecraft:stone_pickaxe":130,"minecraft:oak_planks":56,"minecraft:wooden_pickaxe":9,"minecraft:composter":1,"minecraft:sugar_cane":2,"minecraft:blue_bed":12,"minecraft:diamond_axe":426,"minecraft:golden_apple":2,"minecraft:glow_berries":25,"minecraft:blast_furnace":1,"minecraft:shears":174,"minecraft:lever":11,"minecraft:bread":39,"minecraft:string":418,"minecraft:gravel":150,"minecraft:grindstone":1,"minecraft:smithing_table":1,"minecraft:chain":8,"minecraft:ice":2,"minecraft:oak_boat":10,"minecraft:experience_bottle":12,"minecraft:oak_trapdoor":15,"minecraft:flint_and_steel":3,"minecraft:redstone":7,"minecraft:spruce_planks":28,"minecraft:cooked_salmon":2,"minecraft:netherrack":249,"minecraft:oak_door":1,"minecraft:torch":87,"minecraft:brewing_stand":1,"minecraft:dirt":238,"minecraft:anvil":1,"minecraft:hopper":44,"minecraft:spruce_stairs":6,"minecraft:iron_hoe":110,"minecraft:iron_axe":154,"minecraft:iron_boots":1,"minecraft:barrel":20,"minecraft:tripwire_hook":22,"minecraft:golden_carrot":7,"minecraft:beef":5,"minecraft:cooked_beef":10,"minecraft:cobbled_deepslate":111,"minecraft:iron_leggings":1,"minecraft:calcite":3,"minecraft:wheat_seeds":109,"minecraft:water_bucket":88,"minecraft:fletching_table":3,"minecraft:spruce_fence_gate":2,"minecraft:oak_slab":53,"minecraft:crafting_table":12,"minecraft:white_bed":19,"minecraft:smoker":1,"minecraft:spruce_log":3,"minecraft:ender_eye":1,"minecraft:diamond_pickaxe":800,"minecraft:apple":3,"minecraft:diamond_shovel":751,"minecraft:suspicious_stew":2,"minecraft:iron_pickaxe":380,"minecraft:spruce_trapdoor":15,"minecraft:spruce_sapling":12,"minecraft:stone_axe":36,"minecraft:cobblestone":220,"minecraft:cooked_porkchop":6,"minecraft:porkchop":1,"minecraft:bucket":89},"minecraft:killed":{"minecraft:cave_spider":1,"minecraft:spider":2,"minecraft:skeleton":11,"minecraft:magma_cube":3,"minecraft:piglin":1,"minecraft:pig":4,"minecraft:zombie_villager":1,"minecraft:salmon":2,"minecraft:iron_golem":6,"minecraft:creeper":6,"minecraft:zombie":34,"minecraft:stray":1,"minecraft:cow":11,"minecraft:blaze":25},"minecraft:dropped":{"minecraft:glow_ink_sac":4,"minecraft:leather":10,"minecraft:emerald":1,"minecraft:dirt":3,"minecraft:snowball":216,"minecraft:chain":2,"minecraft:iron_pickaxe":2,"minecraft:gold_ingot":29,"minecraft:bone":20,"minecraft:oak_door":2,"minecraft:gravel":12,"minecraft:stone_axe":13,"minecraft:pointed_dripstone":5,"minecraft:rotten_flesh":33,"minecraft:oak_planks":4,"minecraft:white_bed":3,"minecraft:beetroot_seeds":4,"minecraft:hopper":1,"minecraft:arrow":7,"minecraft:beef":3,"minecraft:quartz":4,"minecraft:bread":821,"minecraft:oak_slab":1,"minecraft:wheat_seeds":29,"minecraft:dripstone_block":2,"minecraft:cobblestone":14,"minecraft:stick":22,"minecraft:diorite":2,"minecraft:torch":9,"minecraft:iron_axe":48,"minecraft:string":5537,"minecraft:spruce_sapling":4,"minecraft:blue_ice":1,"minecraft:spider_eye":1,"minecraft:wooden_pickaxe":1,"minecraft:bell":5}},"DataVersion":3953}