{"stats":{"minecraft:mined":{"minecraft:deepslate_redstone_ore":6,"minecraft:deepslate_diamond_ore":13,"minecraft:crafting_table":5,"minecraft:grass_block":3,"minecraft:cobblestone":2,"minecraft:deepslate_gold_ore":10,"minecraft:spruce_leaves":2,"minecraft:lapis_ore":9,"minecraft:oak_planks":3,"minecraft:chain":11,"minecraft:furnace":5,"minecraft:iron_ore":32,"minecraft:spruce_log":9,"minecraft:oak_log":42,"minecraft:coal_ore":53,"minecraft:deepslate_iron_ore":16,"minecraft:dirt":14,"minecraft:stone":53,"minecraft:deepslate":23},"minecraft:broken":{"minecraft:stone_pickaxe":1},"minecraft:used":{"minecraft:stone_pickaxe":130,"minecraft:shield":23,"minecraft:wooden_pickaxe":9,"minecraft:stone":1,"minecraft:iron_chestplate":1,"minecraft:torch":11,"minecraft:dirt":17,"minecraft:crafting_table":5,"minecraft:iron_axe":67,"minecraft:iron_pickaxe":104,"minecraft:iron_boots":1,"minecraft:stone_axe":36,"minecraft:cobblestone":39,"minecraft:furnace":5,"minecraft:cooked_porkchop":4,"minecraft:chain":8,"minecraft:cooked_beef":3,"minecraft:iron_leggings":1},"minecraft:custom":{"minecraft:interact_with_furnace":13,"minecraft:mob_kills":26,"minecraft:interact_with_crafting_table":10,"minecraft:leave_game":2,"minecraft:time_since_death":17702,"minecraft:time_since_rest":17733,"minecraft:sprint_one_cm":139878,"minecraft:damage_taken":833,"minecraft:walk_one_cm":55975,"minecraft:damage_blocked_by_shield":617,"minecraft:drop":8,"minecraft:damage_dealt":4141,"minecraft:swim_one_cm":1598,"minecraft:fly_one_cm":153195,"minecraft:crouch_one_cm":12831,"minecraft:play_time":42960,"minecraft:deaths":1,"minecraft:sneak_time":4852,"minecraft:walk_under_water_one_cm":866,"minecraft:jump":788,"minecraft:walk_on_water_one_cm":2640,"minecraft:total_world_time":42960,"minecraft:fall_one_cm":22310},"minecraft:dropped":{"minecraft:stone_axe":1,"minecraft:rotten_flesh":2,"minecraft:diorite":2,"minecraft:beetroot_seeds":4,"minecraft:chain":2,"minecraft:arrow":2,"minecraft:wooden_pickaxe":1,"minecraft:bone":2},"minecraft:crafted":{"minecraft:cooked_beef":10,"minecraft:oak_planks":8,"minecraft:cooked_porkchop":4,"minecraft:crafting_table":1,"minecraft:spruce_planks":24,"minecraft:wooden_pickaxe":1,"minecraft:furnace":1,"minecraft:stone":1,"minecraft:stone_axe":1,"minecraft:air":0,"minecraft:iron_boots":1,"minecraft:iron_chestplate":1,"minecraft:shield":1,"minecraft:iron_axe":1,"minecraft:stick":20,"minecraft:iron_ingot":26,"minecraft:iron_pickaxe":1,"minecraft:stone_pickaxe":1,"minecraft:iron_leggings":1,"minecraft:torch":12},"minecraft:picked_up":{"minecraft:crafting_table":5,"minecraft:chest_minecart":1,"minecraft:leather":6,"minecraft:oak_log":43,"minecraft:chain":10,"minecraft:gunpowder":2,"minecraft:lapis_lazuli":58,"minecraft:string":1,"minecraft:dirt":17,"minecraft:bone":3,"minecraft:cobbled_deepslate":21,"minecraft:raw_gold":10,"minecraft:beef":13,"minecraft:sugar_cane":2,"minecraft:oak_planks":3,"minecraft:furnace":5,"minecraft:raw_iron":48,"minecraft:porkchop":7,"minecraft:diorite":2,"minecraft:spruce_log":8,"minecraft:redstone":26,"minecraft:spider_eye":1,"minecraft:arrow":3,"minecraft:rotten_flesh":12,"minecraft:diamond":13,"minecraft:coal":107,"minecraft:rail":3,"minecraft:cobblestone":54},"minecraft:killed":{"minecraft:pig":4,"minecraft:zombie_villager":1,"minecraft:spider":1,"minecraft:creeper":3,"minecraft:skeleton":1,"minecraft:zombie":9,"minecraft:stray":1,"minecraft:cow":6}},"DataVersion":3953}