{"stats":{"minecraft:mined":{"minecraft:deepslate_redstone_ore":41,"minecraft:tuff":1,"minecraft:deepslate_diamond_ore":64,"minecraft:crafting_table":7,"minecraft:grass_block":3,"minecraft:cobblestone":2,"minecraft:spruce_leaves":2,"minecraft:lapis_ore":9,"minecraft:deepslate_gold_ore":21,"minecraft:oak_planks":3,"minecraft:chain":11,"minecraft:furnace":6,"minecraft:iron_ore":32,"minecraft:cobbled_deepslate":9,"minecraft:spruce_log":9,"minecraft:deepslate_lapis_ore":3,"minecraft:oak_log":42,"minecraft:coal_ore":53,"minecraft:deepslate_iron_ore":21,"minecraft:gravel":2,"minecraft:dirt":14,"minecraft:stone":53,"minecraft:deepslate":74},"minecraft:broken":{"minecraft:stone_pickaxe":1,"minecraft:iron_pickaxe":1},"minecraft:used":{"minecraft:water_bucket":4,"minecraft:stone_pickaxe":130,"minecraft:oak_planks":8,"minecraft:spruce_planks":9,"minecraft:wooden_pickaxe":9,"minecraft:shield":33,"minecraft:stone":1,"minecraft:iron_chestplate":1,"minecraft:torch":27,"minecraft:dirt":17,"minecraft:crafting_table":7,"minecraft:tuff":1,"minecraft:iron_axe":100,"minecraft:bread":1,"minecraft:iron_pickaxe":271,"minecraft:iron_boots":1,"minecraft:stone_axe":36,"minecraft:cobblestone":39,"minecraft:porkchop":1,"minecraft:furnace":7,"minecraft:cooked_porkchop":5,"minecraft:bucket":5,"minecraft:chain":8,"minecraft:cooked_beef":10,"minecraft:cobbled_deepslate":68,"minecraft:iron_leggings":1},"minecraft:custom":{"minecraft:interact_with_furnace":20,"minecraft:mob_kills":40,"minecraft:interact_with_crafting_table":13,"minecraft:leave_game":2,"minecraft:time_since_death":48759,"minecraft:time_since_rest":48790,"minecraft:sprint_one_cm":265205,"minecraft:damage_taken":1435,"minecraft:walk_one_cm":104875,"minecraft:damage_blocked_by_shield":1139,"minecraft:drop":14,"minecraft:damage_dealt":6823,"minecraft:swim_one_cm":5520,"minecraft:fly_one_cm":270958,"minecraft:crouch_one_cm":20490,"minecraft:play_time":74017,"minecraft:deaths":1,"minecraft:sneak_time":8203,"minecraft:walk_under_water_one_cm":12126,"minecraft:jump":1664,"minecraft:walk_on_water_one_cm":8395,"minecraft:total_world_time":74017,"minecraft:fall_one_cm":43918},"minecraft:dropped":{"minecraft:stone_axe":1,"minecraft:dripstone_block":2,"minecraft:rotten_flesh":27,"minecraft:diorite":2,"minecraft:beetroot_seeds":4,"minecraft:spider_eye":1,"minecraft:chain":2,"minecraft:arrow":6,"minecraft:wooden_pickaxe":1,"minecraft:string":1,"minecraft:bone":2},"minecraft:crafted":{"minecraft:cooked_beef":10,"minecraft:oak_planks":8,"minecraft:cooked_porkchop":6,"minecraft:crafting_table":1,"minecraft:spruce_planks":32,"minecraft:wooden_pickaxe":1,"minecraft:furnace":1,"minecraft:stone":1,"minecraft:bucket":1,"minecraft:stone_axe":1,"minecraft:air":0,"minecraft:iron_boots":1,"minecraft:iron_chestplate":1,"minecraft:shield":1,"minecraft:iron_axe":1,"minecraft:stick":24,"minecraft:iron_ingot":48,"minecraft:iron_pickaxe":2,"minecraft:stone_pickaxe":1,"minecraft:iron_leggings":1,"minecraft:torch":40},"minecraft:picked_up":{"minecraft:crafting_table":7,"minecraft:glow_ink_sac":4,"minecraft:chest_minecart":1,"minecraft:leather":6,"minecraft:flint":1,"minecraft:tuff":1,"minecraft:oak_log":43,"minecraft:chain":10,"minecraft:gunpowder":5,"minecraft:lapis_lazuli":75,"minecraft:dirt":17,"minecraft:string":1,"minecraft:bone":6,"minecraft:cobbled_deepslate":82,"minecraft:raw_gold":21,"minecraft:beef":13,"minecraft:sugar_cane":2,"minecraft:oak_planks":3,"minecraft:furnace":6,"minecraft:raw_iron":53,"minecraft:dripstone_block":2,"minecraft:gravel":2,"minecraft:porkchop":7,"minecraft:pointed_dripstone":1,"minecraft:diorite":2,"minecraft:spruce_log":8,"minecraft:redstone":183,"minecraft:spider_eye":1,"minecraft:arrow":7,"minecraft:rotten_flesh":27,"minecraft:diamond":64,"minecraft:coal":130,"minecraft:rail":3,"minecraft:cobblestone":54},"minecraft:killed":{"minecraft:pig":4,"minecraft:zombie_villager":1,"minecraft:spider":1,"minecraft:creeper":3,"minecraft:skeleton":3,"minecraft:zombie":21,"minecraft:stray":1,"minecraft:cow":6}},"DataVersion":3953}