{"stats":{"minecraft:mined":{"minecraft:furnace":2,"minecraft:spruce_log":9,"minecraft:crafting_table":3,"minecraft:grass_block":3,"minecraft:coal_ore":3,"minecraft:dirt":14,"minecraft:spruce_leaves":2,"minecraft:stone":43},"minecraft:used":{"minecraft:stone_pickaxe":47,"minecraft:wooden_pickaxe":9,"minecraft:stone_axe":16,"minecraft:dirt":17,"minecraft:crafting_table":3,"minecraft:furnace":2},"minecraft:custom":{"minecraft:time_since_rest":14643,"minecraft:interact_with_furnace":2,"minecraft:sprint_one_cm":37562,"minecraft:damage_taken":150,"minecraft:walk_one_cm":11649,"minecraft:mob_kills":9,"minecraft:damage_dealt":990,"minecraft:interact_with_crafting_table":4,"minecraft:fly_one_cm":48812,"minecraft:crouch_one_cm":3543,"minecraft:play_time":14643,"minecraft:sneak_time":1265,"minecraft:jump":191,"minecraft:leave_game":1,"minecraft:time_since_death":14643,"minecraft:total_world_time":14643,"minecraft:fall_one_cm":5875},"minecraft:crafted":{"minecraft:crafting_table":1,"minecraft:spruce_planks":24,"minecraft:stick":8,"minecraft:wooden_pickaxe":1,"minecraft:stone_pickaxe":1,"minecraft:furnace":1,"minecraft:stone":1,"minecraft:stone_axe":1},"minecraft:picked_up":{"minecraft:crafting_table":3,"minecraft:leather":6,"minecraft:porkchop":4,"minecraft:spruce_log":8,"minecraft:dirt":17,"minecraft:bone":2,"minecraft:arrow":2,"minecraft:beef":13,"minecraft:sugar_cane":2,"minecraft:coal":3,"minecraft:cobblestone":43,"minecraft:furnace":2},"minecraft:killed":{"minecraft:pig":2,"minecraft:stray":1,"minecraft:cow":6}},"DataVersion":3953}