{"stats":{"minecraft:broken":{"minecraft:stone_pickaxe":1,"minecraft:iron_axe":1,"minecraft:iron_pickaxe":1},"minecraft:mined":{"minecraft:nether_gold_ore":9,"minecraft:tuff":2,"minecraft:white_bed":2,"minecraft:deepslate_diamond_ore":93,"minecraft:brewing_stand":1,"minecraft:obsidian":27,"minecraft:nether_bricks":4,"minecraft:budding_amethyst":1,"minecraft:grass_block":37,"minecraft:spruce_leaves":116,"minecraft:spawner":1,"minecraft:large_fern":2,"minecraft:furnace":17,"minecraft:iron_ore":32,"minecraft:cobbled_deepslate":13,"minecraft:fire":67,"minecraft:snow":94,"minecraft:deepslate_lapis_ore":3,"minecraft:bell":9,"minecraft:deepslate_iron_ore":21,"minecraft:dirt_path":48,"minecraft:lantern":3,"minecraft:packed_ice":1,"minecraft:stone":53,"minecraft:deepslate_redstone_ore":41,"minecraft:smoker":1,"minecraft:medium_amethyst_bud":2,"minecraft:amethyst_cluster":3,"minecraft:crafting_table":11,"minecraft:torch":2,"minecraft:short_grass":32,"minecraft:blast_furnace":1,"minecraft:calcite":37,"minecraft:chest":1,"minecraft:nether_quartz_ore":6,"minecraft:cobblestone":2,"minecraft:lapis_ore":9,"minecraft:deepslate_gold_ore":25,"minecraft:grindstone":2,"minecraft:oak_planks":5,"minecraft:blue_bed":13,"minecraft:amethyst_block":4,"minecraft:chain":11,"minecraft:stripped_spruce_wood":4,"minecraft:ice":20,"minecraft:spruce_log":35,"minecraft:light_gray_wool":1,"minecraft:oak_log":42,"minecraft:coal_ore":53,"minecraft:gravel":152,"minecraft:dirt":27,"minecraft:smooth_basalt":3,"minecraft:stonecutter":1,"minecraft:netherrack":423,"minecraft:deepslate":96},"minecraft:used":{"minecraft:flint_and_steel":3,"minecraft:chest":5,"minecraft:spruce_planks":9,"minecraft:shield":72,"minecraft:stone":1,"minecraft:bell":9,"minecraft:cooked_salmon":2,"minecraft:netherrack":246,"minecraft:iron_chestplate":1,"minecraft:oak_door":1,"minecraft:torch":55,"minecraft:brewing_stand":1,"minecraft:dirt":68,"minecraft:nether_bricks":4,"minecraft:tuff":2,"minecraft:snowball":1,"minecraft:obsidian":25,"minecraft:iron_hoe":71,"minecraft:lantern":3,"minecraft:iron_axe":154,"minecraft:iron_boots":1,"minecraft:beef":5,"minecraft:furnace":19,"minecraft:cooked_beef":10,"minecraft:cobbled_deepslate":111,"minecraft:stripped_spruce_wood":1,"minecraft:iron_leggings":1,"minecraft:calcite":3,"minecraft:wheat_seeds":1,"minecraft:water_bucket":27,"minecraft:oak_planks":13,"minecraft:stone_pickaxe":130,"minecraft:wooden_pickaxe":9,"minecraft:fletching_table":3,"minecraft:blue_bed":12,"minecraft:diamond_axe":141,"minecraft:golden_apple":2,"minecraft:glow_berries":25,"minecraft:oak_slab":1,"minecraft:crafting_table":12,"minecraft:blast_furnace":1,"minecraft:white_bed":11,"minecraft:spruce_log":3,"minecraft:smoker":1,"minecraft:diamond_pickaxe":527,"minecraft:diamond_shovel":330,"minecraft:bread":28,"minecraft:iron_pickaxe":380,"minecraft:spruce_sapling":12,"minecraft:gravel":150,"minecraft:stone_axe":36,"minecraft:cobblestone":39,"minecraft:porkchop":1,"minecraft:cooked_porkchop":6,"minecraft:bucket":27,"minecraft:chain":8},"minecraft:custom":{"minecraft:mob_kills":98,"minecraft:interact_with_crafting_table":25,"minecraft:bell_ring":93,"minecraft:leave_game":4,"minecraft:time_since_death":216696,"minecraft:sprint_one_cm":706399,"minecraft:walk_one_cm":408976,"minecraft:damage_blocked_by_shield":2548,"minecraft:drop":87,"minecraft:talked_to_villager":5,"minecraft:play_time":241954,"minecraft:sneak_time":13964,"minecraft:deaths":1,"minecraft:walk_under_water_one_cm":31114,"minecraft:jump":4303,"minecraft:interact_with_blast_furnace":2,"minecraft:walk_on_water_one_cm":28392,"minecraft:total_world_time":241954,"minecraft:interact_with_furnace":26,"minecraft:sleep_in_bed":8,"minecraft:time_since_rest":1502,"minecraft:damage_taken":2893,"minecraft:damage_absorbed":26,"minecraft:damage_dealt":17524,"minecraft:swim_one_cm":29732,"minecraft:fly_one_cm":702195,"minecraft:open_chest":48,"minecraft:crouch_one_cm":35653,"minecraft:fall_one_cm":107630},"minecraft:crafted":{"minecraft:oak_door":3,"minecraft:oak_planks":100,"minecraft:furnace":2,"minecraft:stone":1,"minecraft:diamond_shovel":1,"minecraft:flint_and_steel":1,"minecraft:diamond_helmet":1,"minecraft:diamond_leggings":1,"minecraft:iron_boots":1,"minecraft:iron_axe":1,"minecraft:iron_hoe":1,"minecraft:stone_pickaxe":1,"minecraft:chest":4,"minecraft:diamond_boots":1,"minecraft:cooked_beef":10,"minecraft:oak_slab":6,"minecraft:cooked_porkchop":6,"minecraft:diamond_axe":1,"minecraft:crafting_table":2,"minecraft:spruce_planks":64,"minecraft:wooden_pickaxe":1,"minecraft:cooked_salmon":2,"minecraft:fletching_table":3,"minecraft:bucket":1,"minecraft:stone_axe":1,"minecraft:air":0,"minecraft:iron_chestplate":1,"minecraft:diamond_pickaxe":1,"minecraft:shield":1,"minecraft:stick":44,"minecraft:iron_ingot":53,"minecraft:iron_pickaxe":2,"minecraft:iron_leggings":1,"minecraft:gold_ingot":25,"minecraft:torch":40,"minecraft:diamond_chestplate":1},"minecraft:dropped":{"minecraft:bread":640,"minecraft:glow_ink_sac":4,"minecraft:dripstone_block":2,"minecraft:leather":10,"minecraft:stick":22,"minecraft:dirt":1,"minecraft:diorite":2,"minecraft:torch":9,"minecraft:snowball":84,"minecraft:chain":2,"minecraft:iron_pickaxe":2,"minecraft:string":1,"minecraft:spruce_sapling":4,"minecraft:gold_ingot":29,"minecraft:bone":20,"minecraft:oak_door":2,"minecraft:gravel":12,"minecraft:stone_axe":1,"minecraft:pointed_dripstone":5,"minecraft:rotten_flesh":29,"minecraft:white_bed":3,"minecraft:beetroot_seeds":4,"minecraft:blue_ice":1,"minecraft:spider_eye":1,"minecraft:arrow":7,"minecraft:wooden_pickaxe":1,"minecraft:quartz":4},"minecraft:picked_up":{"minecraft:crafting_table":10,"minecraft:chest_minecart":1,"minecraft:potion":1,"minecraft:enchanted_book":1,"minecraft:nether_brick":7,"minecraft:chain":10,"minecraft:brewing_stand":1,"minecraft:string":8,"minecraft:blackstone":36,"minecraft:gold_nugget":32,"minecraft:cobbled_deepslate":119,"minecraft:beef":18,"minecraft:calcite":37,"minecraft:iron_pickaxe":1,"minecraft:sugar_cane":2,"minecraft:chest":1,"minecraft:furnace":17,"minecraft:stick":11,"minecraft:raw_iron":53,"minecraft:torch":11,"minecraft:porkchop":7,"minecraft:pointed_dripstone":5,"minecraft:diorite":2,"minecraft:redstone":183,"minecraft:arrow":18,"minecraft:rotten_flesh":29,"minecraft:nether_bricks":4,"minecraft:gold_ingot":4,"minecraft:blaze_rod":13,"minecraft:obsidian":30,"minecraft:snowball":94,"minecraft:rail":3,"minecraft:cobblestone":54,"minecraft:glow_ink_sac":4,"minecraft:salmon":2,"minecraft:leather":16,"minecraft:smoker":1,"minecraft:oak_log":43,"minecraft:flint":16,"minecraft:tuff":2,"minecraft:stripped_spruce_wood":1,"minecraft:gunpowder":9,"minecraft:lapis_lazuli":75,"minecraft:dirt":110,"minecraft:blue_bed":12,"minecraft:lantern":3,"minecraft:bone":20,"minecraft:stonecutter":1,"minecraft:wheat_seeds":3,"minecraft:raw_gold":25,"minecraft:bell":10,"minecraft:grindstone":2,"minecraft:iron_ingot":4,"minecraft:oak_planks":7,"minecraft:quartz":11,"minecraft:dripstone_block":2,"minecraft:gravel":182,"minecraft:amethyst_shard":12,"minecraft:spruce_sapling":16,"minecraft:blast_furnace":1,"minecraft:white_bed":2,"minecraft:spruce_log":36,"minecraft:crying_obsidian":2,"minecraft:spectral_arrow":10,"minecraft:spider_eye":1,"minecraft:diamond":93,"minecraft:netherrack":444,"minecraft:coal":149},"minecraft:killed":{"minecraft:cave_spider":1,"minecraft:spider":2,"minecraft:skeleton":11,"minecraft:magma_cube":3,"minecraft:piglin":1,"minecraft:pig":4,"minecraft:zombie_villager":1,"minecraft:salmon":2,"minecraft:iron_golem":1,"minecraft:creeper":4,"minecraft:zombie":31,"minecraft:stray":1,"minecraft:cow":9,"minecraft:blaze":25}},"DataVersion":3953}