{"stats":{"minecraft:mined":{"minecraft:deepslate_redstone_ore":41,"minecraft:tuff":2,"minecraft:deepslate_diamond_ore":93,"minecraft:medium_amethyst_bud":2,"minecraft:amethyst_cluster":3,"minecraft:obsidian":10,"minecraft:crafting_table":11,"minecraft:short_grass":1,"minecraft:budding_amethyst":1,"minecraft:calcite":37,"minecraft:grass_block":4,"minecraft:cobblestone":2,"minecraft:spruce_leaves":85,"minecraft:lapis_ore":9,"minecraft:deepslate_gold_ore":25,"minecraft:oak_planks":5,"minecraft:amethyst_block":4,"minecraft:spawner":1,"minecraft:large_fern":2,"minecraft:chain":11,"minecraft:furnace":7,"minecraft:ice":19,"minecraft:iron_ore":32,"minecraft:cobbled_deepslate":11,"minecraft:spruce_log":15,"minecraft:deepslate_lapis_ore":3,"minecraft:oak_log":42,"minecraft:coal_ore":53,"minecraft:deepslate_iron_ore":21,"minecraft:gravel":2,"minecraft:dirt":17,"minecraft:smooth_basalt":3,"minecraft:stone":53,"minecraft:deepslate":96},"minecraft:broken":{"minecraft:stone_pickaxe":1,"minecraft:iron_axe":1,"minecraft:iron_pickaxe":1},"minecraft:used":{"minecraft:water_bucket":23,"minecraft:stone_pickaxe":130,"minecraft:oak_planks":13,"minecraft:spruce_planks":9,"minecraft:wooden_pickaxe":9,"minecraft:shield":64,"minecraft:stone":1,"minecraft:diamond_axe":1,"minecraft:cooked_salmon":2,"minecraft:golden_apple":1,"minecraft:iron_chestplate":1,"minecraft:oak_door":1,"minecraft:torch":50,"minecraft:glow_berries":25,"minecraft:dirt":19,"minecraft:crafting_table":11,"minecraft:tuff":2,"minecraft:diamond_pickaxe":30,"minecraft:iron_axe":154,"minecraft:bread":4,"minecraft:iron_pickaxe":380,"minecraft:iron_boots":1,"minecraft:stone_axe":36,"minecraft:cobblestone":39,"minecraft:porkchop":1,"minecraft:furnace":8,"minecraft:cooked_porkchop":6,"minecraft:bucket":24,"minecraft:chain":8,"minecraft:cooked_beef":10,"minecraft:cobbled_deepslate":94,"minecraft:iron_leggings":1,"minecraft:calcite":3},"minecraft:custom":{"minecraft:interact_with_furnace":22,"minecraft:mob_kills":62,"minecraft:interact_with_crafting_table":17,"minecraft:leave_game":2,"minecraft:time_since_death":90759,"minecraft:time_since_rest":90790,"minecraft:sprint_one_cm":405503,"minecraft:damage_absorbed":26,"minecraft:damage_taken":1915,"minecraft:walk_one_cm":196610,"minecraft:damage_blocked_by_shield":2350,"minecraft:drop":27,"minecraft:damage_dealt":10209,"minecraft:swim_one_cm":29732,"minecraft:fly_one_cm":391376,"minecraft:crouch_one_cm":23538,"minecraft:play_time":116017,"minecraft:deaths":1,"minecraft:sneak_time":9901,"minecraft:walk_under_water_one_cm":31017,"minecraft:jump":2609,"minecraft:walk_on_water_one_cm":27668,"minecraft:total_world_time":116017,"minecraft:fall_one_cm":67767},"minecraft:crafted":{"minecraft:cooked_beef":10,"minecraft:oak_door":3,"minecraft:oak_planks":24,"minecraft:diamond_axe":1,"minecraft:cooked_porkchop":6,"minecraft:crafting_table":2,"minecraft:spruce_planks":32,"minecraft:wooden_pickaxe":1,"minecraft:furnace":2,"minecraft:cooked_salmon":2,"minecraft:stone":1,"minecraft:bucket":1,"minecraft:stone_axe":1,"minecraft:air":0,"minecraft:diamond_pickaxe":1,"minecraft:iron_boots":1,"minecraft:iron_chestplate":1,"minecraft:shield":1,"minecraft:iron_axe":1,"minecraft:stick":36,"minecraft:iron_ingot":48,"minecraft:iron_pickaxe":2,"minecraft:stone_pickaxe":1,"minecraft:iron_leggings":1,"minecraft:torch":40},"minecraft:dropped":{"minecraft:oak_door":2,"minecraft:stone_axe":1,"minecraft:glow_ink_sac":4,"minecraft:dripstone_block":2,"minecraft:pointed_dripstone":5,"minecraft:rotten_flesh":29,"minecraft:leather":6,"minecraft:stick":10,"minecraft:torch":9,"minecraft:diorite":2,"minecraft:beetroot_seeds":4,"minecraft:spider_eye":1,"minecraft:chain":2,"minecraft:arrow":7,"minecraft:wooden_pickaxe":1,"minecraft:iron_pickaxe":2,"minecraft:string":1,"minecraft:spruce_sapling":4,"minecraft:bone":2},"minecraft:picked_up":{"minecraft:crafting_table":10,"minecraft:salmon":2,"minecraft:glow_ink_sac":4,"minecraft:chest_minecart":1,"minecraft:leather":6,"minecraft:flint":1,"minecraft:tuff":2,"minecraft:oak_log":43,"minecraft:chain":10,"minecraft:gunpowder":9,"minecraft:lapis_lazuli":75,"minecraft:dirt":21,"minecraft:string":1,"minecraft:bone":20,"minecraft:cobbled_deepslate":118,"minecraft:raw_gold":25,"minecraft:beef":13,"minecraft:calcite":37,"minecraft:iron_pickaxe":1,"minecraft:sugar_cane":2,"minecraft:oak_planks":7,"minecraft:furnace":7,"minecraft:stick":2,"minecraft:raw_iron":53,"minecraft:torch":9,"minecraft:dripstone_block":2,"minecraft:gravel":2,"minecraft:porkchop":7,"minecraft:amethyst_shard":12,"minecraft:spruce_sapling":8,"minecraft:pointed_dripstone":5,"minecraft:diorite":2,"minecraft:spruce_log":14,"minecraft:redstone":183,"minecraft:spider_eye":1,"minecraft:arrow":18,"minecraft:rotten_flesh":29,"minecraft:diamond":93,"minecraft:obsidian":10,"minecraft:coal":149,"minecraft:rail":3,"minecraft:cobblestone":54},"minecraft:killed":{"minecraft:cave_spider":1,"minecraft:pig":4,"minecraft:zombie_villager":1,"minecraft:salmon":2,"minecraft:spider":2,"minecraft:creeper":4,"minecraft:skeleton":11,"minecraft:zombie":30,"minecraft:stray":1,"minecraft:cow":6}},"DataVersion":3953}