{"stats":{"minecraft:used":{"minecraft:oak_trapdoor":15,"minecraft:flint_and_steel":3,"minecraft:redstone":4,"minecraft:chest":12,"minecraft:spruce_planks":15,"minecraft:shield":72,"minecraft:stone":1,"minecraft:bell":9,"minecraft:cooked_salmon":2,"minecraft:netherrack":249,"minecraft:iron_chestplate":1,"minecraft:oak_door":1,"minecraft:torch":79,"minecraft:brewing_stand":1,"minecraft:dirt":214,"minecraft:hopper":41,"minecraft:spruce_stairs":3,"minecraft:nether_bricks":4,"minecraft:tuff":2,"minecraft:snowball":26,"minecraft:obsidian":25,"minecraft:iron_hoe":110,"minecraft:lantern":3,"minecraft:iron_axe":154,"minecraft:iron_boots":1,"minecraft:barrel":9,"minecraft:tripwire_hook":20,"minecraft:beef":5,"minecraft:furnace":19,"minecraft:cooked_beef":10,"minecraft:stripped_spruce_wood":1,"minecraft:cobbled_deepslate":111,"minecraft:iron_leggings":1,"minecraft:calcite":3,"minecraft:wheat_seeds":48,"minecraft:water_bucket":74,"minecraft:oak_planks":52,"minecraft:stone_pickaxe":130,"minecraft:wooden_pickaxe":9,"minecraft:blue_bed":12,"minecraft:composter":1,"minecraft:diamond_axe":275,"minecraft:fletching_table":3,"minecraft:golden_apple":2,"minecraft:glow_berries":25,"minecraft:oak_slab":40,"minecraft:crafting_table":12,"minecraft:blast_furnace":1,"minecraft:white_bed":19,"minecraft:spruce_log":3,"minecraft:shears":168,"minecraft:smoker":1,"minecraft:lever":9,"minecraft:diamond_pickaxe":743,"minecraft:apple":3,"minecraft:diamond_shovel":704,"minecraft:bread":39,"minecraft:iron_pickaxe":380,"minecraft:string":369,"minecraft:gravel":150,"minecraft:spruce_sapling":12,"minecraft:stone_axe":36,"minecraft:cobblestone":185,"minecraft:porkchop":1,"minecraft:cooked_porkchop":6,"minecraft:bucket":75,"minecraft:chain":8,"minecraft:oak_boat":8},"minecraft:picked_up":{"minecraft:crafting_table":10,"minecraft:wheat":15,"minecraft:chest_minecart":1,"minecraft:potion":1,"minecraft:enchanted_book":1,"minecraft:nether_brick":7,"minecraft:chain":10,"minecraft:brewing_stand":1,"minecraft:string":3624,"minecraft:oak_trapdoor":11,"minecraft:blackstone":36,"minecraft:gold_nugget":32,"minecraft:cobbled_deepslate":119,"minecraft:spruce_planks":6,"minecraft:beef":18,"minecraft:oak_boat":5,"minecraft:calcite":37,"minecraft:poppy":1,"minecraft:iron_pickaxe":1,"minecraft:sugar_cane":2,"minecraft:chest":5,"minecraft:furnace":17,"minecraft:stick":11,"minecraft:raw_iron":53,"minecraft:spruce_stairs":3,"minecraft:torch":23,"minecraft:porkchop":7,"minecraft:pointed_dripstone":5,"minecraft:diorite":2,"minecraft:redstone":185,"minecraft:arrow":18,"minecraft:rotten_flesh":33,"minecraft:nether_bricks":4,"minecraft:gold_ingot":4,"minecraft:blaze_rod":13,"minecraft:obsidian":30,"minecraft:snowball":269,"minecraft:rail":3,"minecraft:cobblestone":215,"minecraft:glow_ink_sac":4,"minecraft:tripwire_hook":14,"minecraft:salmon":2,"minecraft:leather":16,"minecraft:smoker":1,"minecraft:flint":16,"minecraft:oak_log":43,"minecraft:tuff":2,"minecraft:stripped_spruce_wood":13,"minecraft:gunpowder":9,"minecraft:lapis_lazuli":75,"minecraft:dirt":361,"minecraft:blue_bed":12,"minecraft:lantern":3,"minecraft:bone":20,"minecraft:stonecutter":1,"minecraft:wheat_seeds":48,"minecraft:raw_gold":25,"minecraft:bell":10,"minecraft:iron_ingot":8,"minecraft:grindstone":2,"minecraft:fletching_table":3,"minecraft:oak_planks":32,"minecraft:oak_slab":28,"minecraft:stripped_spruce_log":18,"minecraft:quartz":11,"minecraft:dripstone_block":2,"minecraft:gravel":182,"minecraft:amethyst_shard":12,"minecraft:barrel":2,"minecraft:spruce_sapling":16,"minecraft:blast_furnace":1,"minecraft:white_bed":3,"minecraft:spruce_log":36,"minecraft:crying_obsidian":2,"minecraft:spectral_arrow":10,"minecraft:spider_eye":1,"minecraft:diamond":93,"minecraft:lever":8,"minecraft:emerald":1,"minecraft:netherrack":455,"minecraft:coal":149,"minecraft:hopper":23},"minecraft:dropped":{"minecraft:bread":704,"minecraft:oak_slab":1,"minecraft:glow_ink_sac":4,"minecraft:dripstone_block":2,"minecraft:leather":10,"minecraft:emerald":1,"minecraft:stick":22,"minecraft:dirt":1,"minecraft:diorite":2,"minecraft:torch":9,"minecraft:snowball":216,"minecraft:chain":2,"minecraft:iron_pickaxe":2,"minecraft:string":2221,"minecraft:spruce_sapling":4,"minecraft:bone":20,"minecraft:gold_ingot":29,"minecraft:oak_door":2,"minecraft:gravel":12,"minecraft:stone_axe":1,"minecraft:pointed_dripstone":5,"minecraft:rotten_flesh":33,"minecraft:white_bed":3,"minecraft:hopper":1,"minecraft:beetroot_seeds":4,"minecraft:blue_ice":1,"minecraft:spider_eye":1,"minecraft:arrow":7,"minecraft:wooden_pickaxe":1,"minecraft:quartz":4},"minecraft:killed":{"minecraft:cave_spider":1,"minecraft:spider":2,"minecraft:skeleton":11,"minecraft:magma_cube":3,"minecraft:piglin":1,"minecraft:pig":4,"minecraft:zombie_villager":1,"minecraft:salmon":2,"minecraft:iron_golem":2,"minecraft:creeper":4,"minecraft:zombie":34,"minecraft:stray":1,"minecraft:blaze":25,"minecraft:cow":9},"minecraft:custom":{"minecraft:mob_kills":102,"minecraft:animals_bred":2,"minecraft:inspect_hopper":16,"minecraft:open_barrel":2,"minecraft:interact_with_crafting_table":50,"minecraft:bell_ring":93,"minecraft:leave_game":4,"minecraft:time_since_death":366591,"minecraft:sprint_one_cm":959551,"minecraft:walk_one_cm":652913,"minecraft:damage_blocked_by_shield":2548,"minecraft:drop":202,"minecraft:talked_to_villager":63,"minecraft:play_time":391849,"minecraft:sneak_time":27457,"minecraft:deaths":1,"minecraft:walk_under_water_one_cm":32240,"minecraft:jump":5624,"minecraft:interact_with_blast_furnace":2,"minecraft:walk_on_water_one_cm":176663,"minecraft:total_world_time":391849,"minecraft:interact_with_furnace":26,"minecraft:traded_with_villager":433,"minecraft:sleep_in_bed":19,"minecraft:time_since_rest":7325,"minecraft:damage_taken":3011,"minecraft:damage_absorbed":26,"minecraft:damage_dealt":18584,"minecraft:swim_one_cm":31459,"minecraft:fly_one_cm":855211,"minecraft:open_chest":131,"minecraft:crouch_one_cm":69152,"minecraft:fall_one_cm":127501},"minecraft:mined":{"minecraft:nether_gold_ore":9,"minecraft:tuff":2,"minecraft:spruce_planks":6,"minecraft:white_bed":3,"minecraft:deepslate_diamond_ore":93,"minecraft:brewing_stand":1,"minecraft:obsidian":27,"minecraft:lever":5,"minecraft:nether_bricks":4,"minecraft:budding_amethyst":1,"minecraft:grass_block":141,"minecraft:redstone_wire":2,"minecraft:spruce_leaves":116,"minecraft:hopper":25,"minecraft:spawner":1,"minecraft:large_fern":2,"minecraft:oak_trapdoor":11,"minecraft:furnace":17,"minecraft:barrel":2,"minecraft:iron_ore":32,"minecraft:cobbled_deepslate":13,"minecraft:fire":67,"minecraft:snow":236,"minecraft:stripped_spruce_log":18,"minecraft:deepslate_lapis_ore":3,"minecraft:fletching_table":3,"minecraft:bell":9,"minecraft:deepslate_iron_ore":21,"minecraft:dirt_path":63,"minecraft:lantern":3,"minecraft:packed_ice":1,"minecraft:stone":136,"minecraft:tripwire":34,"minecraft:deepslate_redstone_ore":41,"minecraft:oak_slab":32,"minecraft:snow_block":4,"minecraft:amethyst_cluster":3,"minecraft:medium_amethyst_bud":2,"minecraft:smoker":1,"minecraft:crafting_table":11,"minecraft:torch":5,"minecraft:short_grass":75,"minecraft:blast_furnace":1,"minecraft:calcite":37,"minecraft:chest":6,"minecraft:nether_quartz_ore":6,"minecraft:cobblestone":81,"minecraft:deepslate_gold_ore":25,"minecraft:lapis_ore":9,"minecraft:grindstone":2,"minecraft:oak_planks":30,"minecraft:wall_torch":4,"minecraft:blue_bed":13,"minecraft:amethyst_block":4,"minecraft:spruce_stairs":3,"minecraft:chain":11,"minecraft:stripped_spruce_wood":16,"minecraft:wheat":15,"minecraft:ice":29,"minecraft:spruce_log":35,"minecraft:light_gray_wool":1,"minecraft:oak_log":42,"minecraft:coal_ore":53,"minecraft:gravel":152,"minecraft:dirt":164,"minecraft:smooth_basalt":3,"minecraft:tripwire_hook":11,"minecraft:stonecutter":1,"minecraft:netherrack":434,"minecraft:deepslate":96},"minecraft:crafted":{"minecraft:golden_carrot":72,"minecraft:oak_door":3,"minecraft:cookie":216,"minecraft:oak_planks":172,"minecraft:barrel":7,"minecraft:tripwire_hook":6,"minecraft:furnace":2,"minecraft:stone":1,"minecraft:lever":2,"minecraft:diamond_shovel":1,"minecraft:suspicious_stew":2,"minecraft:oak_trapdoor":4,"minecraft:flint_and_steel":1,"minecraft:hopper":2,"minecraft:diamond_helmet":1,"minecraft:diamond_leggings":1,"minecraft:iron_boots":1,"minecraft:iron_axe":1,"minecraft:iron_hoe":1,"minecraft:stone_pickaxe":1,"minecraft:chest":8,"minecraft:diamond_boots":1,"minecraft:cooked_beef":10,"minecraft:oak_slab":36,"minecraft:emerald":347,"minecraft:cooked_porkchop":6,"minecraft:diamond_axe":1,"minecraft:crafting_table":2,"minecraft:spruce_planks":180,"minecraft:wooden_pickaxe":1,"minecraft:cooked_salmon":2,"minecraft:fletching_table":3,"minecraft:bucket":1,"minecraft:stone_axe":1,"minecraft:bread":192,"minecraft:air":0,"minecraft:apple":64,"minecraft:oak_boat":3,"minecraft:white_wool":55,"minecraft:iron_chestplate":1,"minecraft:diamond_pickaxe":1,"minecraft:shield":1,"minecraft:stick":180,"minecraft:iron_ingot":53,"minecraft:iron_pickaxe":2,"minecraft:iron_leggings":1,"minecraft:gold_ingot":25,"minecraft:white_bed":7,"minecraft:composter":2,"minecraft:torch":48,"minecraft:shears":1,"minecraft:diamond_chestplate":1},"minecraft:broken":{"minecraft:stone_pickaxe":1,"minecraft:iron_axe":1,"minecraft:iron_pickaxe":1}},"DataVersion":3953}