{"stats":{"minecraft:broken":{"minecraft:stone_pickaxe":1,"minecraft:iron_axe":1,"minecraft:iron_pickaxe":1},"minecraft:mined":{"minecraft:tuff":2,"minecraft:white_bed":2,"minecraft:deepslate_diamond_ore":93,"minecraft:brewing_stand":1,"minecraft:obsidian":26,"minecraft:budding_amethyst":1,"minecraft:grass_block":21,"minecraft:spruce_leaves":87,"minecraft:spawner":1,"minecraft:large_fern":2,"minecraft:furnace":16,"minecraft:iron_ore":32,"minecraft:cobbled_deepslate":13,"minecraft:snow":6,"minecraft:deepslate_lapis_ore":3,"minecraft:dirt_path":40,"minecraft:deepslate_iron_ore":21,"minecraft:packed_ice":1,"minecraft:stone":53,"minecraft:deepslate_redstone_ore":41,"minecraft:smoker":1,"minecraft:medium_amethyst_bud":2,"minecraft:amethyst_cluster":3,"minecraft:crafting_table":11,"minecraft:short_grass":1,"minecraft:blast_furnace":1,"minecraft:calcite":37,"minecraft:chest":1,"minecraft:cobblestone":2,"minecraft:deepslate_gold_ore":25,"minecraft:lapis_ore":9,"minecraft:grindstone":2,"minecraft:oak_planks":5,"minecraft:blue_bed":5,"minecraft:amethyst_block":4,"minecraft:chain":11,"minecraft:stripped_spruce_wood":1,"minecraft:ice":19,"minecraft:spruce_log":15,"minecraft:light_gray_wool":1,"minecraft:coal_ore":53,"minecraft:oak_log":42,"minecraft:gravel":2,"minecraft:dirt":22,"minecraft:smooth_basalt":3,"minecraft:stonecutter":1,"minecraft:netherrack":2,"minecraft:deepslate":96},"minecraft:used":{"minecraft:flint_and_steel":2,"minecraft:chest":5,"minecraft:spruce_planks":9,"minecraft:shield":72,"minecraft:stone":1,"minecraft:cooked_salmon":2,"minecraft:iron_chestplate":1,"minecraft:oak_door":1,"minecraft:torch":50,"minecraft:dirt":58,"minecraft:tuff":2,"minecraft:obsidian":15,"minecraft:iron_axe":154,"minecraft:iron_boots":1,"minecraft:beef":3,"minecraft:furnace":9,"minecraft:cooked_beef":10,"minecraft:cobbled_deepslate":111,"minecraft:iron_leggings":1,"minecraft:calcite":3,"minecraft:water_bucket":26,"minecraft:stone_pickaxe":130,"minecraft:oak_planks":13,"minecraft:wooden_pickaxe":9,"minecraft:blue_bed":2,"minecraft:diamond_axe":13,"minecraft:golden_apple":2,"minecraft:glow_berries":25,"minecraft:crafting_table":12,"minecraft:white_bed":1,"minecraft:diamond_pickaxe":72,"minecraft:diamond_shovel":65,"minecraft:bread":7,"minecraft:iron_pickaxe":380,"minecraft:stone_axe":36,"minecraft:cobblestone":39,"minecraft:cooked_porkchop":6,"minecraft:porkchop":1,"minecraft:bucket":27,"minecraft:chain":8},"minecraft:custom":{"minecraft:mob_kills":66,"minecraft:interact_with_crafting_table":19,"minecraft:leave_game":2,"minecraft:time_since_death":114759,"minecraft:sprint_one_cm":502150,"minecraft:walk_one_cm":239901,"minecraft:damage_blocked_by_shield":2548,"minecraft:drop":33,"minecraft:play_time":140017,"minecraft:deaths":1,"minecraft:sneak_time":10374,"minecraft:walk_under_water_one_cm":31114,"minecraft:jump":3259,"minecraft:walk_on_water_one_cm":28392,"minecraft:total_world_time":140017,"minecraft:interact_with_furnace":25,"minecraft:sleep_in_bed":2,"minecraft:time_since_rest":5284,"minecraft:damage_taken":2093,"minecraft:damage_absorbed":26,"minecraft:damage_dealt":10789,"minecraft:fly_one_cm":559057,"minecraft:swim_one_cm":29732,"minecraft:open_chest":8,"minecraft:crouch_one_cm":25480,"minecraft:fall_one_cm":86244},"minecraft:dropped":{"minecraft:glow_ink_sac":4,"minecraft:dripstone_block":2,"minecraft:leather":10,"minecraft:stick":16,"minecraft:diorite":2,"minecraft:torch":9,"minecraft:chain":2,"minecraft:iron_pickaxe":2,"minecraft:string":1,"minecraft:spruce_sapling":4,"minecraft:bone":20,"minecraft:oak_door":2,"minecraft:stone_axe":1,"minecraft:pointed_dripstone":5,"minecraft:rotten_flesh":29,"minecraft:beetroot_seeds":4,"minecraft:blue_ice":1,"minecraft:spider_eye":1,"minecraft:arrow":7,"minecraft:wooden_pickaxe":1},"minecraft:crafted":{"minecraft:oak_door":3,"minecraft:oak_planks":28,"minecraft:furnace":2,"minecraft:stone":1,"minecraft:diamond_shovel":1,"minecraft:flint_and_steel":1,"minecraft:iron_boots":1,"minecraft:iron_axe":1,"minecraft:stone_pickaxe":1,"minecraft:chest":4,"minecraft:cooked_beef":10,"minecraft:cooked_porkchop":6,"minecraft:diamond_axe":1,"minecraft:crafting_table":2,"minecraft:spruce_planks":64,"minecraft:wooden_pickaxe":1,"minecraft:cooked_salmon":2,"minecraft:bucket":1,"minecraft:stone_axe":1,"minecraft:air":0,"minecraft:iron_chestplate":1,"minecraft:shield":1,"minecraft:diamond_pickaxe":1,"minecraft:stick":44,"minecraft:iron_ingot":53,"minecraft:iron_pickaxe":2,"minecraft:iron_leggings":1,"minecraft:torch":40},"minecraft:picked_up":{"minecraft:crafting_table":10,"minecraft:chest_minecart":1,"minecraft:chain":10,"minecraft:brewing_stand":1,"minecraft:string":1,"minecraft:cobbled_deepslate":119,"minecraft:beef":16,"minecraft:calcite":37,"minecraft:iron_pickaxe":1,"minecraft:sugar_cane":2,"minecraft:chest":1,"minecraft:furnace":16,"minecraft:raw_iron":53,"minecraft:stick":2,"minecraft:torch":9,"minecraft:porkchop":7,"minecraft:pointed_dripstone":5,"minecraft:diorite":2,"minecraft:redstone":183,"minecraft:arrow":18,"minecraft:rotten_flesh":29,"minecraft:obsidian":26,"minecraft:snowball":6,"minecraft:rail":3,"minecraft:cobblestone":54,"minecraft:glow_ink_sac":4,"minecraft:salmon":2,"minecraft:leather":10,"minecraft:smoker":1,"minecraft:flint":1,"minecraft:oak_log":43,"minecraft:tuff":2,"minecraft:gunpowder":9,"minecraft:lapis_lazuli":75,"minecraft:blue_bed":4,"minecraft:dirt":83,"minecraft:bone":20,"minecraft:stonecutter":1,"minecraft:raw_gold":25,"minecraft:bell":1,"minecraft:grindstone":2,"minecraft:oak_planks":7,"minecraft:dripstone_block":2,"minecraft:gravel":2,"minecraft:amethyst_shard":12,"minecraft:spruce_sapling":8,"minecraft:blast_furnace":1,"minecraft:white_bed":2,"minecraft:spruce_log":16,"minecraft:spider_eye":1,"minecraft:diamond":93,"minecraft:netherrack":2,"minecraft:coal":149},"minecraft:killed":{"minecraft:cave_spider":1,"minecraft:spider":2,"minecraft:skeleton":11,"minecraft:pig":4,"minecraft:zombie_villager":1,"minecraft:salmon":2,"minecraft:creeper":4,"minecraft:zombie":31,"minecraft:stray":1,"minecraft:cow":8}},"DataVersion":3953}