{"stats":{"minecraft:mined":{"minecraft:deepslate_redstone_ore":21,"minecraft:tuff":1,"minecraft:deepslate_diamond_ore":16,"minecraft:crafting_table":5,"minecraft:grass_block":3,"minecraft:cobblestone":2,"minecraft:spruce_leaves":2,"minecraft:lapis_ore":9,"minecraft:deepslate_gold_ore":10,"minecraft:oak_planks":3,"minecraft:chain":11,"minecraft:furnace":5,"minecraft:iron_ore":32,"minecraft:cobbled_deepslate":2,"minecraft:spruce_log":9,"minecraft:oak_log":42,"minecraft:coal_ore":53,"minecraft:deepslate_iron_ore":16,"minecraft:dirt":14,"minecraft:stone":53,"minecraft:deepslate":33},"minecraft:broken":{"minecraft:stone_pickaxe":1},"minecraft:used":{"minecraft:stone_pickaxe":130,"minecraft:wooden_pickaxe":9,"minecraft:shield":25,"minecraft:stone":1,"minecraft:iron_chestplate":1,"minecraft:torch":12,"minecraft:dirt":17,"minecraft:crafting_table":5,"minecraft:iron_axe":73,"minecraft:iron_pickaxe":135,"minecraft:iron_boots":1,"minecraft:stone_axe":36,"minecraft:cobblestone":39,"minecraft:furnace":5,"minecraft:cooked_porkchop":4,"minecraft:chain":8,"minecraft:cooked_beef":4,"minecraft:cobbled_deepslate":20,"minecraft:iron_leggings":1},"minecraft:custom":{"minecraft:interact_with_furnace":13,"minecraft:mob_kills":29,"minecraft:interact_with_crafting_table":10,"minecraft:leave_game":2,"minecraft:time_since_death":24759,"minecraft:time_since_rest":24790,"minecraft:sprint_one_cm":160626,"minecraft:damage_taken":911,"minecraft:walk_one_cm":66102,"minecraft:damage_blocked_by_shield":667,"minecraft:drop":8,"minecraft:damage_dealt":4711,"minecraft:swim_one_cm":1598,"minecraft:fly_one_cm":163881,"minecraft:crouch_one_cm":15112,"minecraft:play_time":50017,"minecraft:deaths":1,"minecraft:sneak_time":5888,"minecraft:walk_under_water_one_cm":866,"minecraft:jump":934,"minecraft:walk_on_water_one_cm":3782,"minecraft:total_world_time":50017,"minecraft:fall_one_cm":24847},"minecraft:dropped":{"minecraft:stone_axe":1,"minecraft:rotten_flesh":2,"minecraft:diorite":2,"minecraft:beetroot_seeds":4,"minecraft:chain":2,"minecraft:arrow":2,"minecraft:wooden_pickaxe":1,"minecraft:bone":2},"minecraft:crafted":{"minecraft:cooked_beef":10,"minecraft:oak_planks":8,"minecraft:cooked_porkchop":4,"minecraft:crafting_table":1,"minecraft:spruce_planks":24,"minecraft:wooden_pickaxe":1,"minecraft:furnace":1,"minecraft:stone":1,"minecraft:stone_axe":1,"minecraft:air":0,"minecraft:iron_boots":1,"minecraft:iron_chestplate":1,"minecraft:shield":1,"minecraft:iron_axe":1,"minecraft:stick":20,"minecraft:iron_ingot":26,"minecraft:iron_pickaxe":1,"minecraft:stone_pickaxe":1,"minecraft:iron_leggings":1,"minecraft:torch":12},"minecraft:picked_up":{"minecraft:crafting_table":5,"minecraft:glow_ink_sac":4,"minecraft:chest_minecart":1,"minecraft:leather":6,"minecraft:tuff":1,"minecraft:oak_log":43,"minecraft:chain":10,"minecraft:gunpowder":2,"minecraft:lapis_lazuli":58,"minecraft:dirt":17,"minecraft:string":1,"minecraft:bone":3,"minecraft:cobbled_deepslate":33,"minecraft:raw_gold":10,"minecraft:beef":13,"minecraft:sugar_cane":2,"minecraft:oak_planks":3,"minecraft:furnace":5,"minecraft:raw_iron":48,"minecraft:porkchop":7,"minecraft:diorite":2,"minecraft:spruce_log":8,"minecraft:redstone":93,"minecraft:spider_eye":1,"minecraft:arrow":3,"minecraft:rotten_flesh":15,"minecraft:diamond":16,"minecraft:coal":107,"minecraft:rail":3,"minecraft:cobblestone":54},"minecraft:killed":{"minecraft:pig":4,"minecraft:zombie_villager":1,"minecraft:spider":1,"minecraft:creeper":3,"minecraft:skeleton":1,"minecraft:zombie":12,"minecraft:stray":1,"minecraft:cow":6}},"DataVersion":3953}