{"stats":{"minecraft:used":{"minecraft:dispenser":11,"minecraft:ladder":45,"minecraft:elytra":24,"minecraft:black_carpet":7,"minecraft:chest":146,"minecraft:soul_sand":25,"minecraft:crafter":2,"minecraft:honey_block":4,"minecraft:packed_ice":6,"minecraft:lava_bucket":27,"minecraft:villager_spawn_egg":2,"minecraft:grass_block":52,"minecraft:stone_brick_stairs":8,"minecraft:bow":82,"minecraft:furnace":75,"minecraft:dragon_head":2,"minecraft:powered_rail":213,"minecraft:orange_tulip":1,"minecraft:wooden_pickaxe":17,"minecraft:composter":6,"minecraft:oak_leaves":363,"minecraft:golden_apple":1,"minecraft:sand":4,"minecraft:blast_furnace":5,"minecraft:crying_obsidian":2,"minecraft:stone_button":2,"minecraft:lectern":898,"minecraft:oak_pressure_plate":2,"minecraft:diamond_ore":40,"minecraft:diamond_sword":907,"minecraft:white_stained_glass":63,"minecraft:oak_boat":55,"minecraft:oak_trapdoor":62,"minecraft:iron_bars":2,"minecraft:wither_spawn_egg":5,"minecraft:light_gray_carpet":5,"minecraft:wither_skeleton_spawn_egg":80,"minecraft:netherrack":412,"minecraft:torch":117,"minecraft:dragon_egg":2,"minecraft:brewing_stand":4,"minecraft:anvil":2,"minecraft:stone_stairs":5,"minecraft:oak_fence_gate":19,"minecraft:iron_block":10,"minecraft:iron_axe":695,"minecraft:slime_block":18,"minecraft:diamond_chestplate":18,"minecraft:tripwire_hook":2,"minecraft:beef":4,"minecraft:observer":58,"minecraft:wheat_seeds":42,"minecraft:water_bucket":404,"minecraft:birch_planks":1,"minecraft:fletching_table":8,"minecraft:mossy_cobblestone":9,"minecraft:rail":60,"minecraft:comparator":19,"minecraft:oak_slab":116,"minecraft:tnt":5,"minecraft:crafting_table":20,"minecraft:white_bed":62,"minecraft:oak_log":8,"minecraft:ender_eye":16,"minecraft:diamond_pickaxe":2709,"minecraft:diamond_shovel":6685,"minecraft:oak_button":1,"minecraft:iron_pickaxe":504,"minecraft:spruce_sapling":1,"minecraft:cobblestone":2531,"minecraft:potion":10,"minecraft:purple_bed":2,"minecraft:porkchop":24,"minecraft:cooked_porkchop":97,"minecraft:kelp":15,"minecraft:jukebox":8,"minecraft:diamond_leggings":1,"minecraft:iron_shovel":2065,"minecraft:diamond_hoe":372,"minecraft:oak_sign":225,"minecraft:shield":48,"minecraft:iron_sword":260,"minecraft:nether_wart":54,"minecraft:bell":2,"minecraft:iron_chestplate":3,"minecraft:mutton":15,"minecraft:nether_bricks":2,"minecraft:carrot":26,"minecraft:obsidian":66,"minecraft:glass":107,"minecraft:iron_helmet":1,"minecraft:hopper_minecart":10,"minecraft:repeater":56,"minecraft:diamond_boots":1,"minecraft:dropper":5,"minecraft:gray_carpet":4,"minecraft:stone_pickaxe":235,"minecraft:oak_planks":511,"minecraft:ender_pearl":130,"minecraft:redstone_block":28,"minecraft:sugar_cane":118,"minecraft:blue_bed":2,"minecraft:diamond_axe":2256,"minecraft:white_wool":12,"minecraft:loom":3,"minecraft:end_stone":17,"minecraft:shears":1,"minecraft:redstone_torch":19,"minecraft:sticky_piston":20,"minecraft:lever":17,"minecraft:firework_rocket":540,"minecraft:bread":99,"minecraft:string":1,"minecraft:gravel":45,"minecraft:grindstone":1,"minecraft:smooth_stone_slab":2712,"minecraft:air":1,"minecraft:bone_meal":174,"minecraft:oak_fence":6,"minecraft:flint_and_steel":5,"minecraft:redstone":78,"minecraft:stone_hoe":330,"minecraft:cooked_chicken":3,"minecraft:oak_door":1,"minecraft:dirt":2837,"minecraft:white_carpet":158,"minecraft:hopper":345,"minecraft:cobblestone_wall":5,"minecraft:diamond_helmet":1,"minecraft:shulker_box":35,"minecraft:wooden_axe":32,"minecraft:red_tulip":1,"minecraft:oak_stairs":2,"minecraft:iron_boots":1,"minecraft:minecart":4,"minecraft:cooked_beef":90,"minecraft:iron_leggings":1,"minecraft:cooked_mutton":39,"minecraft:cobblestone_stairs":7,"minecraft:glass_bottle":10,"minecraft:cobblestone_slab":119,"minecraft:smoker":5,"minecraft:piston":15,"minecraft:apple":3,"minecraft:detector_rail":17,"minecraft:stone_slab":23,"minecraft:stone_axe":105,"minecraft:white_banner":2,"minecraft:bucket":227,"minecraft:yellow_bed":19,"minecraft:smooth_stone":1111},"minecraft:picked_up":{"minecraft:wooden_axe":1,"minecraft:iron_chestplate":8,"minecraft:anvil":1,"minecraft:stone_slab":11,"minecraft:diamond_sword":8,"minecraft:oak_stairs":135,"minecraft:enchanted_book":6,"minecraft:brewing_stand":5,"minecraft:string":41,"minecraft:soul_soil":1,"minecraft:beetroot":2,"minecraft:diamond_leggings":3,"minecraft:cobbled_deepslate":20,"minecraft:gold_nugget":2,"minecraft:hopper_minecart":14,"minecraft:jukebox":7,"minecraft:composter":5,"minecraft:stone_sword":18,"minecraft:red_tulip":5,"minecraft:blaze_rod":25,"minecraft:iron_bars":1,"minecraft:birch_log":2,"minecraft:feather":3,"minecraft:cooked_beef":102,"minecraft:iron_door":1,"minecraft:water_bucket":5,"minecraft:brown_wool":1,"minecraft:smoker":5,"minecraft:flint":21,"minecraft:diamond_helmet":3,"minecraft:glowstone_dust":46,"minecraft:dropper":1,"minecraft:loom":7,"minecraft:lever":7,"minecraft:granite":28,"minecraft:bread":196,"minecraft:light_gray_carpet":5,"minecraft:crimson_roots":20,"minecraft:diamond_pickaxe":7,"minecraft:crafting_table":20,"minecraft:bee_nest":1,"minecraft:ominous_bottle":2,"minecraft:nether_wart":120,"minecraft:dragon_head":2,"minecraft:cornflower":15,"minecraft:elytra":7,"minecraft:flint_and_steel":1,"minecraft:white_carpet":610,"minecraft:iron_shovel":5,"minecraft:cracked_stone_bricks":9,"minecraft:beef":39,"minecraft:poppy":336,"minecraft:minecart":3,"minecraft:chest":58,"minecraft:piston":7,"minecraft:diamond_hoe":2,"minecraft:stone":15,"minecraft:oak_door":11,"minecraft:carrot":30,"minecraft:redstone":257,"minecraft:tnt":1,"minecraft:diamond_chestplate":2,"minecraft:beetroot_seeds":4,"minecraft:diamond_boots":6,"minecraft:hay_block":83,"minecraft:gold_ingot":44,"minecraft:mutton":82,"minecraft:rail":25,"minecraft:bone_block":33,"minecraft:white_wool":167,"minecraft:oxeye_daisy":12,"minecraft:stripped_oak_log":56,"minecraft:birch_leaves":16,"minecraft:crafter":1,"minecraft:oak_log":374,"minecraft:blue_bed":8,"minecraft:paper":100,"minecraft:white_banner":2,"minecraft:stone_bricks":20,"minecraft:apple":2,"minecraft:kelp":2,"minecraft:oak_fence_gate":3,"minecraft:stone_pickaxe":1,"minecraft:glass_bottle":3,"minecraft:iron_sword":1,"minecraft:gravel":93,"minecraft:spruce_sapling":273,"minecraft:spruce_log":30,"minecraft:dragon_egg":4,"minecraft:firework_rocket":128,"minecraft:diamond_shovel":1,"minecraft:purple_bed":2,"minecraft:slime_ball":189,"minecraft:stone_axe":2,"minecraft:diamond_axe":8,"minecraft:gray_wool":2,"minecraft:hopper":46,"minecraft:ender_pearl":683,"minecraft:shulker_shell":15,"minecraft:black_carpet":7,"minecraft:wheat":16,"minecraft:redstone_block":1,"minecraft:nether_brick_fence":4,"minecraft:yellow_wool":16,"minecraft:potion":14,"minecraft:stone_brick_stairs":8,"minecraft:raw_copper":50,"minecraft:sticky_piston":10,"minecraft:smooth_stone_slab":978,"minecraft:iron_leggings":8,"minecraft:oak_sign":31,"minecraft:smooth_stone":196,"minecraft:comparator":7,"minecraft:bucket":6,"minecraft:redstone_torch":1,"minecraft:cobblestone_slab":155,"minecraft:ender_eye":32,"minecraft:iron_pickaxe":1,"minecraft:furnace":8,"minecraft:iron_boots":5,"minecraft:tipped_arrow":3,"minecraft:stick":57,"minecraft:oak_fence":145,"minecraft:torch":73,"minecraft:porkchop":134,"minecraft:diorite":98,"minecraft:rotten_flesh":91,"minecraft:obsidian":73,"minecraft:blaze_powder":3,"minecraft:cobblestone":1680,"minecraft:magma_cream":1,"minecraft:repeater":6,"minecraft:andesite":29,"minecraft:potato":15,"minecraft:tuff":1,"minecraft:wither_skeleton_skull":9,"minecraft:lapis_lazuli":11,"minecraft:dirt":6913,"minecraft:name_tag":3,"minecraft:glass":4,"minecraft:bone":249,"minecraft:bow":4,"minecraft:orange_tulip":5,"minecraft:wheat_seeds":306,"minecraft:raw_gold":22,"minecraft:bell":5,"minecraft:mossy_stone_bricks":8,"minecraft:fletching_table":20,"minecraft:powered_rail":98,"minecraft:oak_planks":743,"minecraft:stone_hoe":1,"minecraft:cooked_porkchop":35,"minecraft:sand":181,"minecraft:grass_block":1,"minecraft:mossy_cobblestone":22,"minecraft:shulker_box":51,"minecraft:slime_block":10,"minecraft:diamond":112,"minecraft:crossbow":1,"minecraft:bone_meal":15,"minecraft:emerald":115,"minecraft:oak_sapling":22,"minecraft:netherrack":978,"minecraft:oak_leaves":386,"minecraft:nether_star":3,"minecraft:azure_bluet":10,"minecraft:ladder":6,"minecraft:wooden_pickaxe":1,"minecraft:shield":8,"minecraft:oak_trapdoor":42,"minecraft:iron_axe":2,"minecraft:detector_rail":13,"minecraft:oak_boat":63,"minecraft:observer":26,"minecraft:light_gray_wool":3,"minecraft:lectern":891,"minecraft:sugar_cane":912,"minecraft:raw_iron":32,"minecraft:end_stone":76,"minecraft:stone_button":1,"minecraft:arrow":279,"minecraft:nether_bricks":15,"minecraft:glow_ink_sac":1,"minecraft:leather":109,"minecraft:yellow_bed":27,"minecraft:gunpowder":126,"minecraft:cobblestone_stairs":12,"minecraft:cooked_mutton":110,"minecraft:gray_carpet":4,"minecraft:iron_ingot":970,"minecraft:cooked_chicken":4,"minecraft:stripped_oak_wood":4,"minecraft:soul_sand":5,"minecraft:book":184,"minecraft:oak_slab":152,"minecraft:quartz":39,"minecraft:dandelion":69,"minecraft:lava_bucket":8,"minecraft:blast_furnace":8,"minecraft:white_bed":29,"minecraft:spider_eye":16,"minecraft:honey_block":2,"minecraft:iron_helmet":8,"minecraft:black_wool":3,"minecraft:coal":18850,"minecraft:sunflower":1},"minecraft:crafted":{"minecraft:smooth_stone":21,"minecraft:oak_sign":30,"minecraft:blaze_powder":18,"minecraft:oak_pressure_plate":1,"minecraft:slime_block":6,"minecraft:diamond_shovel":1,"minecraft:bookshelf":8,"minecraft:cooked_mutton":32,"minecraft:shulker_box":6,"minecraft:iron_bars":16,"minecraft:glass":109,"minecraft:diamond_helmet":1,"minecraft:diamond_leggings":1,"minecraft:stone_pressure_plate":1,"minecraft:glass_bottle":6,"minecraft:emerald":2,"minecraft:cooked_porkchop":89,"minecraft:diamond_axe":2,"minecraft:sticky_piston":10,"minecraft:fletching_table":4,"minecraft:lectern":8,"minecraft:crafter":1,"minecraft:stone_slab":6,"minecraft:iron_pickaxe":2,"minecraft:iron_block":91,"minecraft:composter":1,"minecraft:smooth_stone_slab":126,"minecraft:jukebox":1,"minecraft:yellow_bed":4,"minecraft:bone_meal":1769,"minecraft:white_carpet":144,"minecraft:stone_stairs":4,"minecraft:detector_rail":6,"minecraft:ladder":39,"minecraft:stone_pickaxe":2,"minecraft:wheat":564,"minecraft:enchanted_book":34,"minecraft:oak_fence_gate":5,"minecraft:wooden_axe":1,"minecraft:iron_shovel":8,"minecraft:iron_leggings":2,"minecraft:white_bed":9,"minecraft:grindstone":1,"minecraft:oak_planks":1668,"minecraft:cobblestone_slab":90,"minecraft:cobblestone_stairs":4,"minecraft:stone":27,"minecraft:hopper":44,"minecraft:bow":1,"minecraft:iron_boots":2,"minecraft:chest":101,"minecraft:rail":16,"minecraft:stone_hoe":2,"minecraft:ender_eye":14,"minecraft:smoker":1,"minecraft:dropper":2,"minecraft:oak_slab":48,"minecraft:crafting_table":10,"minecraft:wooden_pickaxe":1,"minecraft:iron_helmet":2,"minecraft:hopper_minecart":4,"minecraft:birch_planks":8,"minecraft:dispenser":1,"minecraft:tnt":1,"minecraft:iron_chestplate":2,"minecraft:paper":321,"minecraft:diamond_pickaxe":1,"minecraft:shield":1,"minecraft:stick":272,"minecraft:iron_ingot":190,"minecraft:gray_carpet":3,"minecraft:redstone_torch":2,"minecraft:light_gray_carpet":3,"minecraft:shears":2,"minecraft:oak_door":3,"minecraft:redstone":27,"minecraft:tripwire_hook":2,"minecraft:furnace":74,"minecraft:stone_button":1,"minecraft:oak_trapdoor":50,"minecraft:flint_and_steel":1,"minecraft:iron_axe":4,"minecraft:cobblestone_wall":6,"minecraft:observer":9,"minecraft:minecart":5,"minecraft:cooked_beef":35,"minecraft:diamond_sword":1,"minecraft:powered_rail":6,"minecraft:iron_sword":1,"minecraft:bucket":4,"minecraft:stone_axe":2,"minecraft:air":0,"minecraft:bread":192,"minecraft:oak_boat":7,"minecraft:black_carpet":3,"minecraft:anvil":2,"minecraft:torch":28,"minecraft:diamond_chestplate":1,"minecraft:firework_rocket":867},"minecraft:mined":{"minecraft:dragon_wall_head":1,"minecraft:white_bed":22,"minecraft:obsidian":73,"minecraft:granite":22,"minecraft:hopper":39,"minecraft:nether_wart":54,"minecraft:oak_wall_sign":23,"minecraft:oxeye_daisy":10,"minecraft:spawner":1,"minecraft:sticky_piston":10,"minecraft:fire":31,"minecraft:fletching_table":6,"minecraft:oak_sign":5,"minecraft:dirt_path":1157,"minecraft:oak_stairs":140,"minecraft:kelp_plant":2,"minecraft:smoker":4,"minecraft:crimson_nylium":59,"minecraft:soul_fire":1,"minecraft:torch":22,"minecraft:blast_furnace":6,"minecraft:glass":3,"minecraft:sugar_cane":399,"minecraft:repeater":1,"minecraft:wheat":51,"minecraft:jukebox":6,"minecraft:stone_brick_stairs":8,"minecraft:oak_fence_gate":2,"minecraft:loom":4,"minecraft:piston":6,"minecraft:deepslate":73,"minecraft:mossy_cobblestone":28,"minecraft:shulker_box":34,"minecraft:end_stone":58,"minecraft:crafter":1,"minecraft:nether_bricks":2,"minecraft:crimson_roots":5,"minecraft:redstone_wire":11,"minecraft:kelp":1,"minecraft:redstone_ore":2,"minecraft:andesite":23,"minecraft:potatoes":4,"minecraft:cobblestone_slab":86,"minecraft:rail":26,"minecraft:bone_block":33,"minecraft:white_wool":27,"minecraft:oak_slab":121,"minecraft:light_gray_carpet":5,"minecraft:redstone_block":2,"minecraft:glass_pane":9,"minecraft:comparator":7,"minecraft:soul_sand":3,"minecraft:observer":22,"minecraft:dandelion":56,"minecraft:cornflower":11,"minecraft:short_grass":1254,"minecraft:dropper":1,"minecraft:tall_grass":159,"minecraft:copper_ore":8,"minecraft:deepslate_gold_ore":23,"minecraft:diorite":115,"minecraft:purple_bed":1,"minecraft:white_carpet":10,"minecraft:birch_leaves":13,"minecraft:sunflower":1,"minecraft:gravel":100,"minecraft:oak_button":1,"minecraft:stone_bricks":11,"minecraft:cobblestone_stairs":13,"minecraft:brewing_stand":4,"minecraft:grass_block":3616,"minecraft:soul_soil":1,"minecraft:composter":5,"minecraft:smooth_stone":109,"minecraft:glowstone":13,"minecraft:iron_ore":24,"minecraft:dragon_head":1,"minecraft:black_carpet":7,"minecraft:anvil":1,"minecraft:azure_bluet":7,"minecraft:red_tulip":2,"minecraft:iron_bars":1,"minecraft:deepslate_redstone_ore":27,"minecraft:poppy":7,"minecraft:chest":55,"minecraft:nether_quartz_ore":21,"minecraft:cobblestone":470,"minecraft:slime_block":10,"minecraft:oak_planks":330,"minecraft:iron_door":1,"minecraft:wall_torch":15,"minecraft:seagrass":2,"minecraft:powered_rail":43,"minecraft:yellow_wool":15,"minecraft:birch_log":2,"minecraft:stripped_oak_wood":3,"minecraft:orange_tulip":2,"minecraft:tnt":1,"minecraft:smooth_stone_slab":66,"minecraft:oak_log":376,"minecraft:beetroots":2,"minecraft:sand":190,"minecraft:dirt":2424,"minecraft:netherrack":796,"minecraft:oak_leaves":520,"minecraft:diamond_ore":40,"minecraft:tuff":1,"minecraft:deepslate_diamond_ore":12,"minecraft:oak_door":1,"minecraft:ladder":5,"minecraft:lever":4,"minecraft:stone_button":1,"minecraft:white_stained_glass":63,"minecraft:spruce_leaves":111,"minecraft:hay_block":63,"minecraft:oak_trapdoor":19,"minecraft:spruce_sapling":1,"minecraft:furnace":4,"minecraft:carrots":9,"minecraft:detector_rail":11,"minecraft:bell":3,"minecraft:nether_brick_fence":1,"minecraft:bookshelf":24,"minecraft:deepslate_iron_ore":8,"minecraft:stripped_oak_log":56,"minecraft:chorus_plant":1,"minecraft:stone":788,"minecraft:redstone_wall_torch":1,"minecraft:infested_stone_bricks":1,"minecraft:oak_fence":110,"minecraft:crafting_table":14,"minecraft:honey_block":2,"minecraft:lectern":890,"minecraft:stone_slab":8,"minecraft:lapis_ore":2,"minecraft:lily_pad":1,"minecraft:blue_bed":2,"minecraft:bee_nest":2,"minecraft:yellow_bed":21,"minecraft:coal_ore":72,"minecraft:gray_carpet":4,"minecraft:cracked_stone_bricks":5,"minecraft:mossy_stone_bricks":4},"minecraft:killed":{"minecraft:shulker":24,"minecraft:skeleton":35,"minecraft:chicken":1,"minecraft:cat":2,"minecraft:magma_cube":13,"minecraft:iron_golem":37,"minecraft:ender_dragon":2,"minecraft:pillager":8,"minecraft:zombie":70,"minecraft:glow_squid":1,"minecraft:cow":50,"minecraft:endermite":1,"minecraft:horse":1,"minecraft:frog":1,"minecraft:enderman":750,"minecraft:witch":3,"minecraft:zombified_piglin":1,"minecraft:spider":30,"minecraft:wither":1,"minecraft:silverfish":3,"minecraft:piglin":1,"minecraft:pig":51,"minecraft:creeper":51,"minecraft:sheep":62,"minecraft:trader_llama":1,"minecraft:ghast":1,"minecraft:blaze":34,"minecraft:bogged":3,"minecraft:slime":105,"minecraft:bat":1,"minecraft:wither_skeleton":103,"minecraft:villager":13},"minecraft:killed_by":{"minecraft:zombie":2,"minecraft:creeper":2,"minecraft:enderman":3,"minecraft:iron_golem":3,"minecraft:skeleton":2},"minecraft:dropped":{"minecraft:porkchop":1,"minecraft:glass_bottle":6,"minecraft:orange_tulip":4,"minecraft:crossbow":1,"minecraft:fletching_table":6,"minecraft:cracked_stone_bricks":8,"minecraft:elytra":3,"minecraft:emerald":2,"minecraft:dirt":2438,"minecraft:gold_nugget":2,"minecraft:bone_meal":2,"minecraft:sunflower":1,"minecraft:bone":68,"minecraft:oak_door":3,"minecraft:stone_axe":2,"minecraft:cobbled_deepslate":3,"minecraft:wheat":3,"minecraft:obsidian":1,"minecraft:rotten_flesh":41,"minecraft:oak_planks":54,"minecraft:end_stone":29,"minecraft:light_gray_carpet":3,"minecraft:azure_bluet":7,"minecraft:nether_brick_fence":4,"minecraft:wither_spawn_egg":5,"minecraft:white_bed":3,"minecraft:hopper":1,"minecraft:ladder":1,"minecraft:iron_ingot":62,"minecraft:birch_leaves":16,"minecraft:wheat_seeds":143,"minecraft:oak_fence":2,"minecraft:feather":3,"minecraft:iron_helmet":2,"minecraft:cobblestone":73,"minecraft:granite":15,"minecraft:coal":1925,"minecraft:oxeye_daisy":8,"minecraft:lava_bucket":2,"minecraft:wooden_axe":1,"minecraft:diamond_helmet":3,"minecraft:potion":1,"minecraft:oak_stairs":8,"minecraft:smooth_stone":66,"minecraft:iron_shovel":1,"minecraft:string":37,"minecraft:gray_carpet":3,"minecraft:skull_pottery_sherd":1,"minecraft:spruce_sapling":256,"minecraft:stone_sword":17,"minecraft:white_carpet":385,"minecraft:iron_boots":2,"minecraft:stone_slab":5,"minecraft:oak_sign":1,"minecraft:diamond_sword":5,"minecraft:potato":22,"minecraft:stone":2,"minecraft:diamond_pickaxe":1,"minecraft:spider_eye":7,"minecraft:stone_bricks":18,"minecraft:red_tulip":4,"minecraft:diamond_axe":1,"minecraft:oak_log":12,"minecraft:loom":2,"minecraft:ender_pearl":523,"minecraft:nether_star":3,"minecraft:leather":5,"minecraft:flint":3,"minecraft:cornflower":9,"minecraft:crimson_roots":20,"minecraft:gravel":1,"minecraft:beetroot":2,"minecraft:diamond_shovel":1,"minecraft:poppy":935,"minecraft:oak_fence_gate":2,"minecraft:skeleton_skull":1,"minecraft:dropper":1,"minecraft:beetroot_seeds":4,"minecraft:arrow":7,"minecraft:powered_rail":21,"minecraft:oak_leaves":89,"minecraft:netherrack":136,"minecraft:firework_rocket":61,"minecraft:bread":552,"minecraft:oak_slab":16,"minecraft:diamond_leggings":3,"minecraft:hopper_minecart":4,"minecraft:stick":31,"minecraft:diorite":2,"minecraft:torch":4,"minecraft:iron_door":1,"minecraft:iron_leggings":2,"minecraft:bucket":3,"minecraft:dandelion":58,"minecraft:oak_trapdoor":28,"minecraft:raw_copper":34,"minecraft:ender_eye":2,"minecraft:shield":1,"minecraft:diamond_chestplate":1,"minecraft:iron_chestplate":2,"minecraft:mossy_stone_bricks":8,"minecraft:oak_sapling":14,"minecraft:oak_boat":4,"minecraft:diamond_boots":3,"minecraft:stone_pickaxe":1,"minecraft:wooden_pickaxe":1},"minecraft:custom":{"minecraft:interact_with_crafting_table":257,"minecraft:bell_ring":35,"minecraft:leave_game":21,"minecraft:time_since_death":191605,"minecraft:damage_blocked_by_shield":3383,"minecraft:play_time":2087436,"minecraft:deaths":15,"minecraft:jump":19164,"minecraft:interact_with_furnace":165,"minecraft:traded_with_villager":36,"minecraft:sleep_in_bed":126,"minecraft:damage_dealt":136832,"minecraft:interact_with_smoker":32,"minecraft:inspect_dispenser":19,"minecraft:horse_one_cm":22415,"minecraft:inspect_dropper":16,"minecraft:interact_with_anvil":32,"minecraft:inspect_hopper":228,"minecraft:sneak_time":160345,"minecraft:interact_with_blast_furnace":22,"minecraft:total_world_time":2087436,"minecraft:time_since_rest":4688,"minecraft:swim_one_cm":57755,"minecraft:fly_one_cm":5925952,"minecraft:open_chest":1219,"minecraft:fall_one_cm":358016,"minecraft:animals_bred":2,"minecraft:open_shulker_box":108,"minecraft:sprint_one_cm":4233915,"minecraft:drop":1091,"minecraft:talked_to_villager":1304,"minecraft:interact_with_brewingstand":20,"minecraft:walk_on_water_one_cm":252651,"minecraft:interact_with_loom":1,"minecraft:crouch_one_cm":666726,"minecraft:mob_kills":1477,"minecraft:climb_one_cm":67232,"minecraft:walk_one_cm":2996912,"minecraft:walk_under_water_one_cm":50097,"minecraft:boat_one_cm":548279,"minecraft:interact_with_grindstone":3,"minecraft:damage_taken":23241,"minecraft:aviate_one_cm":13881903},"minecraft:broken":{"minecraft:iron_sword":1,"minecraft:stone_hoe":1,"minecraft:iron_axe":4,"minecraft:iron_pickaxe":2,"minecraft:iron_shovel":6,"minecraft:stone_axe":1}},"DataVersion":3953}