{"stats":{"minecraft:broken":{"minecraft:iron_sword":1,"minecraft:stone_hoe":1,"minecraft:iron_axe":4,"minecraft:iron_pickaxe":2,"minecraft:iron_shovel":6,"minecraft:stone_axe":1},"minecraft:mined":{"minecraft:dragon_wall_head":1,"minecraft:white_bed":22,"minecraft:obsidian":74,"minecraft:granite":22,"minecraft:hopper":45,"minecraft:nether_wart":54,"minecraft:oak_wall_sign":23,"minecraft:oxeye_daisy":10,"minecraft:spawner":1,"minecraft:sticky_piston":10,"minecraft:fire":32,"minecraft:fletching_table":6,"minecraft:oak_sign":5,"minecraft:dirt_path":1157,"minecraft:oak_stairs":140,"minecraft:kelp_plant":2,"minecraft:smoker":4,"minecraft:crimson_nylium":59,"minecraft:soul_fire":1,"minecraft:torch":24,"minecraft:blast_furnace":6,"minecraft:glass":15,"minecraft:sugar_cane":399,"minecraft:repeater":1,"minecraft:wheat":51,"minecraft:jukebox":6,"minecraft:stone_brick_stairs":8,"minecraft:oak_fence_gate":2,"minecraft:loom":4,"minecraft:piston":6,"minecraft:deepslate":73,"minecraft:mossy_cobblestone":28,"minecraft:shulker_box":36,"minecraft:end_stone":155,"minecraft:crafter":1,"minecraft:nether_bricks":2,"minecraft:crimson_roots":5,"minecraft:redstone_wire":12,"minecraft:kelp":1,"minecraft:redstone_ore":2,"minecraft:andesite":23,"minecraft:potatoes":4,"minecraft:cobblestone_slab":86,"minecraft:rail":26,"minecraft:bone_block":33,"minecraft:white_wool":27,"minecraft:oak_slab":121,"minecraft:light_gray_carpet":5,"minecraft:redstone_block":2,"minecraft:glass_pane":9,"minecraft:comparator":7,"minecraft:soul_sand":4,"minecraft:observer":24,"minecraft:dandelion":56,"minecraft:cornflower":11,"minecraft:short_grass":1409,"minecraft:dropper":3,"minecraft:tall_grass":193,"minecraft:copper_ore":8,"minecraft:deepslate_gold_ore":23,"minecraft:diorite":115,"minecraft:purple_bed":1,"minecraft:white_carpet":10,"minecraft:birch_leaves":19,"minecraft:sunflower":1,"minecraft:gravel":100,"minecraft:oak_button":1,"minecraft:stone_bricks":11,"minecraft:cobblestone_stairs":13,"minecraft:brewing_stand":4,"minecraft:grass_block":3629,"minecraft:soul_soil":1,"minecraft:composter":5,"minecraft:smooth_stone":109,"minecraft:glowstone":13,"minecraft:iron_ore":24,"minecraft:dragon_head":1,"minecraft:black_carpet":7,"minecraft:anvil":1,"minecraft:azure_bluet":7,"minecraft:red_tulip":2,"minecraft:iron_bars":1,"minecraft:deepslate_redstone_ore":27,"minecraft:poppy":7,"minecraft:chest":63,"minecraft:nether_quartz_ore":21,"minecraft:cobblestone":470,"minecraft:slime_block":10,"minecraft:oak_planks":330,"minecraft:iron_door":1,"minecraft:wall_torch":15,"minecraft:seagrass":2,"minecraft:powered_rail":43,"minecraft:yellow_wool":15,"minecraft:birch_log":4,"minecraft:stripped_oak_wood":3,"minecraft:orange_tulip":2,"minecraft:tnt":1,"minecraft:smooth_stone_slab":70,"minecraft:oak_log":384,"minecraft:beetroots":2,"minecraft:sand":1091,"minecraft:dirt":2451,"minecraft:netherrack":796,"minecraft:oak_leaves":520,"minecraft:diamond_ore":40,"minecraft:tuff":1,"minecraft:deepslate_diamond_ore":12,"minecraft:oak_door":1,"minecraft:ladder":5,"minecraft:lever":4,"minecraft:stone_button":1,"minecraft:white_stained_glass":63,"minecraft:spruce_leaves":111,"minecraft:hay_block":63,"minecraft:oak_trapdoor":19,"minecraft:spruce_sapling":1,"minecraft:furnace":4,"minecraft:carrots":9,"minecraft:detector_rail":11,"minecraft:bell":3,"minecraft:nether_brick_fence":1,"minecraft:bookshelf":24,"minecraft:deepslate_iron_ore":8,"minecraft:stripped_oak_log":56,"minecraft:chorus_plant":1,"minecraft:stone":789,"minecraft:redstone_wall_torch":1,"minecraft:infested_stone_bricks":1,"minecraft:oak_fence":110,"minecraft:crafting_table":14,"minecraft:honey_block":2,"minecraft:lectern":890,"minecraft:stone_slab":8,"minecraft:lapis_ore":2,"minecraft:lily_pad":1,"minecraft:blue_bed":2,"minecraft:birch_planks":1,"minecraft:bee_nest":2,"minecraft:yellow_bed":21,"minecraft:coal_ore":72,"minecraft:gray_carpet":4,"minecraft:cracked_stone_bricks":5,"minecraft:mossy_stone_bricks":4},"minecraft:killed_by":{"minecraft:zombie":2,"minecraft:creeper":2,"minecraft:enderman":3,"minecraft:iron_golem":3,"minecraft:skeleton":2},"minecraft:custom":{"minecraft:interact_with_crafting_table":261,"minecraft:bell_ring":35,"minecraft:leave_game":24,"minecraft:time_since_death":439247,"minecraft:damage_blocked_by_shield":3383,"minecraft:play_time":2335078,"minecraft:deaths":15,"minecraft:jump":20348,"minecraft:interact_with_furnace":165,"minecraft:traded_with_villager":36,"minecraft:sleep_in_bed":134,"minecraft:damage_dealt":156846,"minecraft:interact_with_smoker":32,"minecraft:inspect_dispenser":19,"minecraft:horse_one_cm":22415,"minecraft:inspect_dropper":22,"minecraft:interact_with_anvil":32,"minecraft:inspect_hopper":228,"minecraft:sneak_time":169330,"minecraft:interact_with_blast_furnace":22,"minecraft:total_world_time":2335078,"minecraft:time_since_rest":2553,"minecraft:swim_one_cm":58487,"minecraft:fly_one_cm":6558352,"minecraft:open_chest":1369,"minecraft:fall_one_cm":378441,"minecraft:animals_bred":2,"minecraft:open_shulker_box":117,"minecraft:sprint_one_cm":4500545,"minecraft:drop":1103,"minecraft:talked_to_villager":1310,"minecraft:interact_with_brewingstand":20,"minecraft:walk_on_water_one_cm":321844,"minecraft:interact_with_loom":1,"minecraft:interact_with_beacon":1,"minecraft:crouch_one_cm":685252,"minecraft:mob_kills":1556,"minecraft:climb_one_cm":68275,"minecraft:walk_one_cm":3281651,"minecraft:walk_under_water_one_cm":54299,"minecraft:boat_one_cm":548709,"minecraft:interact_with_grindstone":3,"minecraft:damage_taken":24675,"minecraft:aviate_one_cm":15775939},"minecraft:used":{"minecraft:dispenser":11,"minecraft:ladder":45,"minecraft:elytra":25,"minecraft:black_carpet":7,"minecraft:chest":162,"minecraft:stone":17,"minecraft:soul_sand":38,"minecraft:crafter":2,"minecraft:honey_block":4,"minecraft:packed_ice":6,"minecraft:lava_bucket":27,"minecraft:villager_spawn_egg":51,"minecraft:grass_block":52,"minecraft:stone_brick_stairs":8,"minecraft:bow":82,"minecraft:furnace":75,"minecraft:dragon_head":2,"minecraft:powered_rail":214,"minecraft:blackstone":45,"minecraft:orange_tulip":1,"minecraft:wooden_pickaxe":17,"minecraft:composter":6,"minecraft:oak_leaves":363,"minecraft:golden_apple":1,"minecraft:sand":4,"minecraft:blast_furnace":5,"minecraft:blue_ice":4,"minecraft:crying_obsidian":2,"minecraft:stone_button":2,"minecraft:lectern":898,"minecraft:oak_pressure_plate":2,"minecraft:diamond_ore":40,"minecraft:diamond_sword":1094,"minecraft:white_stained_glass":79,"minecraft:oak_boat":59,"minecraft:oak_trapdoor":62,"minecraft:iron_bars":2,"minecraft:wither_spawn_egg":5,"minecraft:light_gray_carpet":5,"minecraft:wither_skeleton_spawn_egg":80,"minecraft:netherrack":412,"minecraft:torch":385,"minecraft:dragon_egg":2,"minecraft:brewing_stand":4,"minecraft:anvil":2,"minecraft:stone_stairs":5,"minecraft:oak_fence_gate":19,"minecraft:iron_block":174,"minecraft:iron_axe":695,"minecraft:slime_block":18,"minecraft:diamond_chestplate":18,"minecraft:tripwire_hook":2,"minecraft:beef":4,"minecraft:observer":58,"minecraft:wheat_seeds":42,"minecraft:water_bucket":422,"minecraft:birch_planks":42,"minecraft:fletching_table":8,"minecraft:mossy_cobblestone":9,"minecraft:rail":84,"minecraft:comparator":19,"minecraft:oak_slab":116,"minecraft:tnt":5,"minecraft:crafting_table":20,"minecraft:white_bed":68,"minecraft:spruce_log":4,"minecraft:oak_log":11,"minecraft:ender_eye":16,"minecraft:diamond_pickaxe":2825,"minecraft:diamond_shovel":7614,"minecraft:oak_button":1,"minecraft:iron_pickaxe":504,"minecraft:spruce_sapling":216,"minecraft:cobblestone":2531,"minecraft:potion":10,"minecraft:purple_bed":2,"minecraft:porkchop":24,"minecraft:cooked_porkchop":113,"minecraft:kelp":15,"minecraft:jukebox":8,"minecraft:diamond_leggings":1,"minecraft:iron_shovel":2065,"minecraft:oak_sign":225,"minecraft:diamond_hoe":372,"minecraft:shield":48,"minecraft:zombie_spawn_egg":3,"minecraft:iron_sword":260,"minecraft:nether_wart":54,"minecraft:bell":2,"minecraft:iron_chestplate":3,"minecraft:mutton":15,"minecraft:nether_bricks":2,"minecraft:carrot":26,"minecraft:obsidian":71,"minecraft:glass":233,"minecraft:iron_helmet":1,"minecraft:hopper_minecart":10,"minecraft:repeater":56,"minecraft:diamond_boots":1,"minecraft:dropper":5,"minecraft:wither_skeleton_skull":9,"minecraft:stone_pickaxe":235,"minecraft:gray_carpet":4,"minecraft:oak_planks":569,"minecraft:ender_pearl":130,"minecraft:redstone_block":28,"minecraft:sugar_cane":118,"minecraft:diamond_axe":2284,"minecraft:blue_bed":2,"minecraft:white_wool":12,"minecraft:loom":3,"minecraft:end_stone":43,"minecraft:shears":1,"minecraft:redstone_torch":19,"minecraft:sticky_piston":20,"minecraft:lever":17,"minecraft:firework_rocket":629,"minecraft:bread":103,"minecraft:string":2,"minecraft:gravel":45,"minecraft:grindstone":1,"minecraft:chain":1,"minecraft:smooth_stone_slab":2712,"minecraft:air":1,"minecraft:bone_meal":862,"minecraft:oak_fence":29,"minecraft:flint_and_steel":5,"minecraft:redstone":78,"minecraft:stone_hoe":330,"minecraft:cooked_chicken":6,"minecraft:oak_door":1,"minecraft:dirt":2888,"minecraft:white_carpet":190,"minecraft:hopper":345,"minecraft:cobblestone_wall":5,"minecraft:diamond_helmet":1,"minecraft:shulker_box":37,"minecraft:stone_brick_slab":56,"minecraft:wooden_axe":32,"minecraft:red_tulip":1,"minecraft:oak_stairs":2,"minecraft:iron_boots":1,"minecraft:minecart":8,"minecraft:cooked_beef":90,"minecraft:iron_leggings":1,"minecraft:cooked_mutton":39,"minecraft:cobblestone_stairs":7,"minecraft:glass_bottle":10,"minecraft:beacon":1,"minecraft:vindicator_spawn_egg":4,"minecraft:cobblestone_slab":119,"minecraft:smoker":5,"minecraft:piston":15,"minecraft:apple":3,"minecraft:detector_rail":17,"minecraft:stone_slab":23,"minecraft:stone_axe":105,"minecraft:white_banner":2,"minecraft:bucket":244,"minecraft:yellow_bed":19,"minecraft:smooth_stone":1111,"minecraft:pillager_spawn_egg":8},"minecraft:dropped":{"minecraft:porkchop":1,"minecraft:glass_bottle":6,"minecraft:orange_tulip":4,"minecraft:crossbow":1,"minecraft:fletching_table":6,"minecraft:cracked_stone_bricks":8,"minecraft:elytra":3,"minecraft:emerald":2,"minecraft:dirt":2438,"minecraft:gold_nugget":2,"minecraft:bone_meal":2,"minecraft:sunflower":1,"minecraft:bone":68,"minecraft:oak_door":3,"minecraft:stone_axe":2,"minecraft:cobbled_deepslate":3,"minecraft:wheat":3,"minecraft:obsidian":1,"minecraft:rotten_flesh":44,"minecraft:oak_planks":54,"minecraft:end_stone":29,"minecraft:light_gray_carpet":3,"minecraft:azure_bluet":7,"minecraft:nether_brick_fence":4,"minecraft:wither_spawn_egg":5,"minecraft:white_bed":3,"minecraft:hopper":1,"minecraft:ladder":1,"minecraft:iron_ingot":62,"minecraft:birch_leaves":16,"minecraft:wheat_seeds":163,"minecraft:oak_fence":2,"minecraft:iron_helmet":2,"minecraft:feather":5,"minecraft:cobblestone":74,"minecraft:granite":15,"minecraft:coal":1925,"minecraft:oxeye_daisy":8,"minecraft:lava_bucket":2,"minecraft:wooden_axe":1,"minecraft:diamond_helmet":3,"minecraft:potion":1,"minecraft:oak_stairs":8,"minecraft:smooth_stone":66,"minecraft:iron_shovel":1,"minecraft:string":37,"minecraft:gray_carpet":3,"minecraft:skull_pottery_sherd":1,"minecraft:spruce_sapling":256,"minecraft:stone_sword":17,"minecraft:white_carpet":385,"minecraft:iron_boots":2,"minecraft:stone_slab":5,"minecraft:oak_sign":1,"minecraft:diamond_sword":6,"minecraft:potato":22,"minecraft:stone":2,"minecraft:diamond_pickaxe":1,"minecraft:spider_eye":7,"minecraft:stone_bricks":18,"minecraft:red_tulip":4,"minecraft:vindicator_spawn_egg":1,"minecraft:diamond_axe":1,"minecraft:oak_log":12,"minecraft:loom":2,"minecraft:ender_pearl":523,"minecraft:nether_star":3,"minecraft:leather":5,"minecraft:flint":3,"minecraft:cornflower":9,"minecraft:crimson_roots":20,"minecraft:gravel":1,"minecraft:beetroot":2,"minecraft:diamond_shovel":1,"minecraft:poppy":935,"minecraft:oak_fence_gate":2,"minecraft:gunpowder":4,"minecraft:skeleton_skull":1,"minecraft:dropper":1,"minecraft:beetroot_seeds":4,"minecraft:arrow":7,"minecraft:powered_rail":21,"minecraft:oak_leaves":89,"minecraft:netherrack":136,"minecraft:firework_rocket":61,"minecraft:bread":552,"minecraft:oak_slab":16,"minecraft:diamond_leggings":3,"minecraft:hopper_minecart":4,"minecraft:stick":31,"minecraft:diorite":2,"minecraft:torch":4,"minecraft:iron_door":1,"minecraft:iron_leggings":2,"minecraft:bucket":3,"minecraft:dandelion":58,"minecraft:oak_trapdoor":28,"minecraft:raw_copper":34,"minecraft:villager_spawn_egg":2,"minecraft:ender_eye":2,"minecraft:shield":1,"minecraft:diamond_chestplate":1,"minecraft:iron_chestplate":2,"minecraft:mossy_stone_bricks":8,"minecraft:oak_sapling":14,"minecraft:oak_boat":4,"minecraft:diamond_boots":3,"minecraft:spruce_log":66,"minecraft:stone_pickaxe":1,"minecraft:wooden_pickaxe":1,"minecraft:white_stained_glass":1},"minecraft:crafted":{"minecraft:smooth_stone":21,"minecraft:oak_sign":30,"minecraft:blaze_powder":18,"minecraft:oak_pressure_plate":1,"minecraft:slime_block":6,"minecraft:diamond_shovel":1,"minecraft:bookshelf":8,"minecraft:cooked_mutton":32,"minecraft:shulker_box":6,"minecraft:iron_bars":16,"minecraft:glass":109,"minecraft:diamond_helmet":1,"minecraft:diamond_leggings":1,"minecraft:beacon":3,"minecraft:stone_pressure_plate":1,"minecraft:glass_bottle":6,"minecraft:emerald":2,"minecraft:cooked_porkchop":89,"minecraft:diamond_axe":2,"minecraft:sticky_piston":10,"minecraft:fletching_table":4,"minecraft:lectern":8,"minecraft:crafter":1,"minecraft:stone_slab":6,"minecraft:iron_pickaxe":2,"minecraft:iron_block":347,"minecraft:composter":1,"minecraft:smooth_stone_slab":126,"minecraft:jukebox":1,"minecraft:yellow_bed":4,"minecraft:bone_meal":2990,"minecraft:white_carpet":144,"minecraft:stone_stairs":4,"minecraft:detector_rail":6,"minecraft:ladder":39,"minecraft:stone_pickaxe":2,"minecraft:wheat":564,"minecraft:enchanted_book":34,"minecraft:oak_fence_gate":5,"minecraft:wooden_axe":1,"minecraft:iron_shovel":8,"minecraft:iron_leggings":2,"minecraft:white_bed":9,"minecraft:grindstone":1,"minecraft:oak_planks":1688,"minecraft:cobblestone_slab":90,"minecraft:cobblestone_stairs":4,"minecraft:stone":27,"minecraft:hopper":44,"minecraft:bow":1,"minecraft:iron_boots":2,"minecraft:chest":109,"minecraft:rail":16,"minecraft:stone_hoe":2,"minecraft:ender_eye":14,"minecraft:smoker":1,"minecraft:dropper":2,"minecraft:oak_slab":48,"minecraft:crafting_table":10,"minecraft:spruce_planks":64,"minecraft:wooden_pickaxe":1,"minecraft:iron_helmet":2,"minecraft:hopper_minecart":4,"minecraft:birch_planks":16,"minecraft:dispenser":1,"minecraft:tnt":1,"minecraft:iron_chestplate":2,"minecraft:paper":321,"minecraft:diamond_pickaxe":1,"minecraft:shield":1,"minecraft:stick":400,"minecraft:iron_ingot":190,"minecraft:gray_carpet":3,"minecraft:redstone_torch":2,"minecraft:light_gray_carpet":3,"minecraft:shears":2,"minecraft:oak_door":3,"minecraft:redstone":27,"minecraft:tripwire_hook":2,"minecraft:furnace":74,"minecraft:stone_button":1,"minecraft:oak_trapdoor":50,"minecraft:flint_and_steel":1,"minecraft:iron_axe":4,"minecraft:cobblestone_wall":6,"minecraft:observer":9,"minecraft:minecart":5,"minecraft:cooked_beef":35,"minecraft:diamond_sword":1,"minecraft:powered_rail":6,"minecraft:iron_sword":1,"minecraft:bucket":4,"minecraft:stone_axe":2,"minecraft:air":0,"minecraft:bread":192,"minecraft:oak_boat":7,"minecraft:black_carpet":3,"minecraft:anvil":2,"minecraft:torch":540,"minecraft:diamond_chestplate":1,"minecraft:firework_rocket":993},"minecraft:picked_up":{"minecraft:wooden_axe":1,"minecraft:iron_chestplate":8,"minecraft:anvil":1,"minecraft:stone_slab":11,"minecraft:diamond_sword":8,"minecraft:oak_stairs":135,"minecraft:enchanted_book":6,"minecraft:brewing_stand":5,"minecraft:string":43,"minecraft:soul_soil":1,"minecraft:beetroot":2,"minecraft:diamond_leggings":3,"minecraft:cobbled_deepslate":20,"minecraft:gold_nugget":2,"minecraft:hopper_minecart":14,"minecraft:jukebox":7,"minecraft:composter":5,"minecraft:stone_sword":18,"minecraft:red_tulip":5,"minecraft:blaze_rod":25,"minecraft:iron_bars":1,"minecraft:birch_log":4,"minecraft:feather":5,"minecraft:cooked_beef":102,"minecraft:iron_door":1,"minecraft:water_bucket":5,"minecraft:brown_wool":1,"minecraft:smoker":5,"minecraft:flint":21,"minecraft:diamond_helmet":3,"minecraft:glowstone_dust":47,"minecraft:dropper":1,"minecraft:loom":7,"minecraft:lever":7,"minecraft:granite":28,"minecraft:bread":196,"minecraft:light_gray_carpet":5,"minecraft:crimson_roots":20,"minecraft:diamond_pickaxe":7,"minecraft:crafting_table":20,"minecraft:bee_nest":1,"minecraft:ominous_bottle":3,"minecraft:nether_wart":120,"minecraft:dragon_head":2,"minecraft:cornflower":15,"minecraft:elytra":7,"minecraft:flint_and_steel":1,"minecraft:white_carpet":612,"minecraft:iron_shovel":5,"minecraft:cracked_stone_bricks":9,"minecraft:beef":39,"minecraft:poppy":336,"minecraft:minecart":3,"minecraft:chest":66,"minecraft:piston":7,"minecraft:diamond_hoe":2,"minecraft:egg":1,"minecraft:stone":15,"minecraft:oak_door":11,"minecraft:carrot":30,"minecraft:redstone":265,"minecraft:tnt":1,"minecraft:diamond_chestplate":2,"minecraft:beetroot_seeds":4,"minecraft:diamond_boots":6,"minecraft:hay_block":83,"minecraft:gold_ingot":44,"minecraft:mutton":82,"minecraft:bone_block":33,"minecraft:white_wool":167,"minecraft:rail":25,"minecraft:oxeye_daisy":12,"minecraft:stripped_oak_log":56,"minecraft:birch_leaves":16,"minecraft:crafter":1,"minecraft:oak_log":382,"minecraft:blue_bed":8,"minecraft:paper":100,"minecraft:white_banner":3,"minecraft:stone_bricks":20,"minecraft:apple":2,"minecraft:kelp":2,"minecraft:oak_fence_gate":3,"minecraft:stone_pickaxe":1,"minecraft:glass_bottle":3,"minecraft:iron_sword":1,"minecraft:gravel":95,"minecraft:spruce_sapling":685,"minecraft:spruce_log":161,"minecraft:dragon_egg":4,"minecraft:firework_rocket":128,"minecraft:diamond_shovel":1,"minecraft:purple_bed":2,"minecraft:slime_ball":189,"minecraft:stone_axe":2,"minecraft:diamond_axe":8,"minecraft:gray_wool":2,"minecraft:hopper":50,"minecraft:ender_pearl":683,"minecraft:shulker_shell":15,"minecraft:black_carpet":7,"minecraft:wheat":16,"minecraft:redstone_block":1,"minecraft:nether_brick_fence":4,"minecraft:yellow_wool":16,"minecraft:potion":14,"minecraft:stone_brick_stairs":8,"minecraft:raw_copper":50,"minecraft:smooth_stone_slab":981,"minecraft:iron_leggings":8,"minecraft:sticky_piston":10,"minecraft:oak_sign":31,"minecraft:smooth_stone":196,"minecraft:comparator":7,"minecraft:bucket":6,"minecraft:redstone_torch":1,"minecraft:cobblestone_slab":155,"minecraft:ender_eye":32,"minecraft:iron_pickaxe":1,"minecraft:furnace":8,"minecraft:iron_boots":5,"minecraft:tipped_arrow":3,"minecraft:stick":121,"minecraft:oak_fence":145,"minecraft:torch":75,"minecraft:porkchop":134,"minecraft:villager_spawn_egg":1,"minecraft:diorite":98,"minecraft:rotten_flesh":108,"minecraft:obsidian":74,"minecraft:blaze_powder":3,"minecraft:cobblestone":1682,"minecraft:magma_cream":1,"minecraft:repeater":6,"minecraft:andesite":29,"minecraft:potato":15,"minecraft:tuff":1,"minecraft:wither_skeleton_skull":9,"minecraft:lapis_lazuli":11,"minecraft:dirt":6990,"minecraft:name_tag":3,"minecraft:glass":4,"minecraft:bone":257,"minecraft:bow":4,"minecraft:orange_tulip":5,"minecraft:wheat_seeds":328,"minecraft:raw_gold":22,"minecraft:bell":5,"minecraft:mossy_stone_bricks":8,"minecraft:fletching_table":20,"minecraft:powered_rail":98,"minecraft:oak_planks":743,"minecraft:stone_hoe":1,"minecraft:cooked_porkchop":36,"minecraft:sand":1060,"minecraft:grass_block":1,"minecraft:mossy_cobblestone":22,"minecraft:shulker_box":53,"minecraft:diamond":112,"minecraft:slime_block":10,"minecraft:crossbow":1,"minecraft:bone_meal":890,"minecraft:emerald":118,"minecraft:oak_sapling":22,"minecraft:netherrack":978,"minecraft:oak_leaves":386,"minecraft:nether_star":6,"minecraft:azure_bluet":10,"minecraft:ladder":6,"minecraft:wooden_pickaxe":1,"minecraft:shield":8,"minecraft:oak_trapdoor":42,"minecraft:iron_axe":2,"minecraft:detector_rail":13,"minecraft:oak_boat":64,"minecraft:observer":28,"minecraft:light_gray_wool":3,"minecraft:lectern":891,"minecraft:sugar_cane":912,"minecraft:raw_iron":32,"minecraft:end_stone":173,"minecraft:stone_button":1,"minecraft:arrow":284,"minecraft:nether_bricks":15,"minecraft:glow_ink_sac":1,"minecraft:leather":109,"minecraft:birch_planks":1,"minecraft:yellow_bed":27,"minecraft:gunpowder":130,"minecraft:cobblestone_stairs":12,"minecraft:cooked_mutton":110,"minecraft:gray_carpet":4,"minecraft:iron_ingot":971,"minecraft:cooked_chicken":6,"minecraft:stripped_oak_wood":4,"minecraft:soul_sand":6,"minecraft:book":184,"minecraft:oak_slab":152,"minecraft:quartz":39,"minecraft:dandelion":69,"minecraft:lava_bucket":8,"minecraft:blast_furnace":8,"minecraft:white_bed":29,"minecraft:spider_eye":16,"minecraft:honey_block":2,"minecraft:iron_helmet":8,"minecraft:black_wool":3,"minecraft:coal":18850,"minecraft:sunflower":1},"minecraft:killed":{"minecraft:shulker":24,"minecraft:skeleton":37,"minecraft:chicken":2,"minecraft:cat":2,"minecraft:magma_cube":13,"minecraft:iron_golem":37,"minecraft:ender_dragon":2,"minecraft:pillager":12,"minecraft:zombie":75,"minecraft:glow_squid":1,"minecraft:cow":50,"minecraft:vindicator":3,"minecraft:endermite":1,"minecraft:horse":1,"minecraft:frog":1,"minecraft:enderman":750,"minecraft:witch":5,"minecraft:zombified_piglin":1,"minecraft:spider":32,"minecraft:wither":4,"minecraft:silverfish":3,"minecraft:piglin":1,"minecraft:pig":51,"minecraft:creeper":52,"minecraft:sheep":62,"minecraft:trader_llama":1,"minecraft:ghast":1,"minecraft:blaze":34,"minecraft:bogged":3,"minecraft:slime":105,"minecraft:bat":1,"minecraft:wither_skeleton":103,"minecraft:villager":30}},"DataVersion":3953}