{"stats":{"minecraft:mined":{"minecraft:deepslate_redstone_ore":41,"minecraft:tuff":1,"minecraft:deepslate_diamond_ore":36,"minecraft:crafting_table":5,"minecraft:grass_block":3,"minecraft:cobblestone":2,"minecraft:spruce_leaves":2,"minecraft:lapis_ore":9,"minecraft:deepslate_gold_ore":21,"minecraft:oak_planks":3,"minecraft:chain":11,"minecraft:furnace":5,"minecraft:iron_ore":32,"minecraft:cobbled_deepslate":2,"minecraft:spruce_log":9,"minecraft:deepslate_lapis_ore":3,"minecraft:oak_log":42,"minecraft:coal_ore":53,"minecraft:deepslate_iron_ore":18,"minecraft:gravel":2,"minecraft:dirt":14,"minecraft:stone":53,"minecraft:deepslate":51},"minecraft:broken":{"minecraft:stone_pickaxe":1},"minecraft:used":{"minecraft:stone_pickaxe":130,"minecraft:oak_planks":8,"minecraft:spruce_planks":9,"minecraft:wooden_pickaxe":9,"minecraft:shield":29,"minecraft:stone":1,"minecraft:iron_chestplate":1,"minecraft:torch":22,"minecraft:dirt":17,"minecraft:crafting_table":6,"minecraft:tuff":1,"minecraft:iron_axe":88,"minecraft:iron_pickaxe":209,"minecraft:iron_boots":1,"minecraft:stone_axe":36,"minecraft:cobblestone":39,"minecraft:furnace":6,"minecraft:cooked_porkchop":4,"minecraft:chain":8,"minecraft:cooked_beef":9,"minecraft:cobbled_deepslate":46,"minecraft:iron_leggings":1},"minecraft:custom":{"minecraft:interact_with_furnace":14,"minecraft:mob_kills":35,"minecraft:interact_with_crafting_table":11,"minecraft:leave_game":2,"minecraft:time_since_death":36759,"minecraft:time_since_rest":36790,"minecraft:sprint_one_cm":221253,"minecraft:damage_taken":1206,"minecraft:walk_one_cm":85954,"minecraft:damage_blocked_by_shield":919,"minecraft:drop":8,"minecraft:damage_dealt":5893,"minecraft:swim_one_cm":1598,"minecraft:fly_one_cm":229485,"minecraft:crouch_one_cm":18568,"minecraft:play_time":62017,"minecraft:deaths":1,"minecraft:sneak_time":7263,"minecraft:walk_under_water_one_cm":1525,"minecraft:jump":1310,"minecraft:walk_on_water_one_cm":4437,"minecraft:total_world_time":62017,"minecraft:fall_one_cm":34620},"minecraft:dropped":{"minecraft:stone_axe":1,"minecraft:rotten_flesh":2,"minecraft:diorite":2,"minecraft:beetroot_seeds":4,"minecraft:chain":2,"minecraft:arrow":2,"minecraft:wooden_pickaxe":1,"minecraft:bone":2},"minecraft:crafted":{"minecraft:cooked_beef":10,"minecraft:oak_planks":8,"minecraft:cooked_porkchop":4,"minecraft:crafting_table":1,"minecraft:spruce_planks":32,"minecraft:wooden_pickaxe":1,"minecraft:furnace":1,"minecraft:stone":1,"minecraft:stone_axe":1,"minecraft:air":0,"minecraft:iron_boots":1,"minecraft:iron_chestplate":1,"minecraft:shield":1,"minecraft:iron_axe":1,"minecraft:stick":20,"minecraft:iron_ingot":26,"minecraft:iron_pickaxe":1,"minecraft:stone_pickaxe":1,"minecraft:iron_leggings":1,"minecraft:torch":32},"minecraft:picked_up":{"minecraft:crafting_table":5,"minecraft:glow_ink_sac":4,"minecraft:chest_minecart":1,"minecraft:leather":6,"minecraft:tuff":1,"minecraft:oak_log":43,"minecraft:chain":10,"minecraft:gunpowder":4,"minecraft:lapis_lazuli":75,"minecraft:dirt":17,"minecraft:string":1,"minecraft:bone":5,"minecraft:cobbled_deepslate":51,"minecraft:raw_gold":21,"minecraft:beef":13,"minecraft:sugar_cane":2,"minecraft:oak_planks":3,"minecraft:furnace":5,"minecraft:raw_iron":50,"minecraft:gravel":2,"minecraft:porkchop":7,"minecraft:diorite":2,"minecraft:spruce_log":8,"minecraft:redstone":183,"minecraft:spider_eye":1,"minecraft:arrow":6,"minecraft:rotten_flesh":21,"minecraft:diamond":36,"minecraft:coal":107,"minecraft:rail":3,"minecraft:cobblestone":54},"minecraft:killed":{"minecraft:pig":4,"minecraft:zombie_villager":1,"minecraft:spider":1,"minecraft:creeper":3,"minecraft:skeleton":2,"minecraft:zombie":17,"minecraft:stray":1,"minecraft:cow":6}},"DataVersion":3953}