{"stats":{"minecraft:mined":{"minecraft:deepslate_redstone_ore":41,"minecraft:tuff":2,"minecraft:deepslate_diamond_ore":74,"minecraft:crafting_table":8,"minecraft:grass_block":3,"minecraft:cobblestone":2,"minecraft:spruce_leaves":2,"minecraft:lapis_ore":9,"minecraft:deepslate_gold_ore":25,"minecraft:oak_planks":3,"minecraft:spawner":1,"minecraft:chain":11,"minecraft:furnace":6,"minecraft:iron_ore":32,"minecraft:cobbled_deepslate":9,"minecraft:spruce_log":9,"minecraft:deepslate_lapis_ore":3,"minecraft:oak_log":42,"minecraft:coal_ore":53,"minecraft:deepslate_iron_ore":21,"minecraft:gravel":2,"minecraft:dirt":14,"minecraft:stone":53,"minecraft:deepslate":87},"minecraft:broken":{"minecraft:stone_pickaxe":1,"minecraft:iron_pickaxe":1},"minecraft:used":{"minecraft:water_bucket":18,"minecraft:stone_pickaxe":130,"minecraft:oak_planks":8,"minecraft:spruce_planks":9,"minecraft:wooden_pickaxe":9,"minecraft:shield":50,"minecraft:stone":1,"minecraft:iron_chestplate":1,"minecraft:oak_door":1,"minecraft:torch":33,"minecraft:dirt":17,"minecraft:crafting_table":8,"minecraft:tuff":2,"minecraft:iron_axe":120,"minecraft:bread":4,"minecraft:iron_pickaxe":300,"minecraft:iron_boots":1,"minecraft:stone_axe":36,"minecraft:cobblestone":39,"minecraft:porkchop":1,"minecraft:furnace":7,"minecraft:cooked_porkchop":6,"minecraft:bucket":19,"minecraft:chain":8,"minecraft:cooked_beef":10,"minecraft:cobbled_deepslate":88,"minecraft:iron_leggings":1},"minecraft:custom":{"minecraft:interact_with_furnace":20,"minecraft:mob_kills":49,"minecraft:interact_with_crafting_table":14,"minecraft:leave_game":2,"minecraft:time_since_death":60759,"minecraft:time_since_rest":60790,"minecraft:sprint_one_cm":338273,"minecraft:damage_taken":1589,"minecraft:walk_one_cm":126154,"minecraft:damage_blocked_by_shield":1815,"minecraft:drop":17,"minecraft:damage_dealt":8363,"minecraft:swim_one_cm":20702,"minecraft:fly_one_cm":301399,"minecraft:crouch_one_cm":21760,"minecraft:play_time":86017,"minecraft:deaths":1,"minecraft:sneak_time":8953,"minecraft:walk_under_water_one_cm":14613,"minecraft:jump":1917,"minecraft:walk_on_water_one_cm":12897,"minecraft:total_world_time":86017,"minecraft:fall_one_cm":47901},"minecraft:dropped":{"minecraft:stone_axe":1,"minecraft:dripstone_block":2,"minecraft:rotten_flesh":29,"minecraft:diorite":2,"minecraft:beetroot_seeds":4,"minecraft:spider_eye":1,"minecraft:chain":2,"minecraft:arrow":7,"minecraft:wooden_pickaxe":1,"minecraft:string":1,"minecraft:bone":2},"minecraft:crafted":{"minecraft:cooked_beef":10,"minecraft:oak_door":3,"minecraft:oak_planks":16,"minecraft:cooked_porkchop":6,"minecraft:crafting_table":1,"minecraft:spruce_planks":32,"minecraft:wooden_pickaxe":1,"minecraft:furnace":1,"minecraft:stone":1,"minecraft:bucket":1,"minecraft:stone_axe":1,"minecraft:air":0,"minecraft:iron_boots":1,"minecraft:iron_chestplate":1,"minecraft:shield":1,"minecraft:iron_axe":1,"minecraft:stick":24,"minecraft:iron_ingot":48,"minecraft:iron_pickaxe":2,"minecraft:stone_pickaxe":1,"minecraft:iron_leggings":1,"minecraft:torch":40},"minecraft:picked_up":{"minecraft:crafting_table":8,"minecraft:glow_ink_sac":4,"minecraft:chest_minecart":1,"minecraft:leather":6,"minecraft:flint":1,"minecraft:tuff":2,"minecraft:oak_log":43,"minecraft:chain":10,"minecraft:gunpowder":7,"minecraft:lapis_lazuli":75,"minecraft:dirt":17,"minecraft:string":1,"minecraft:bone":12,"minecraft:cobbled_deepslate":98,"minecraft:raw_gold":25,"minecraft:beef":13,"minecraft:sugar_cane":2,"minecraft:oak_planks":6,"minecraft:furnace":6,"minecraft:raw_iron":53,"minecraft:dripstone_block":2,"minecraft:gravel":2,"minecraft:porkchop":7,"minecraft:pointed_dripstone":5,"minecraft:diorite":2,"minecraft:spruce_log":8,"minecraft:redstone":183,"minecraft:spider_eye":1,"minecraft:arrow":12,"minecraft:rotten_flesh":29,"minecraft:diamond":74,"minecraft:coal":130,"minecraft:rail":3,"minecraft:cobblestone":54},"minecraft:killed":{"minecraft:cave_spider":1,"minecraft:pig":4,"minecraft:zombie_villager":1,"minecraft:spider":1,"minecraft:creeper":4,"minecraft:skeleton":6,"minecraft:zombie":25,"minecraft:stray":1,"minecraft:cow":6}},"DataVersion":3953}