{"stats":{"minecraft:mined":{"minecraft:chain":11,"minecraft:furnace":4,"minecraft:iron_ore":20,"minecraft:spruce_log":9,"minecraft:crafting_table":4,"minecraft:grass_block":3,"minecraft:coal_ore":30,"minecraft:dirt":14,"minecraft:cobblestone":2,"minecraft:spruce_leaves":2,"minecraft:lapis_ore":8,"minecraft:stone":51,"minecraft:oak_planks":3},"minecraft:used":{"minecraft:stone_pickaxe":126,"minecraft:wooden_pickaxe":9,"minecraft:stone_axe":36,"minecraft:torch":8,"minecraft:dirt":17,"minecraft:cobblestone":3,"minecraft:crafting_table":5,"minecraft:furnace":5,"minecraft:cooked_porkchop":3,"minecraft:chain":8},"minecraft:custom":{"minecraft:time_since_rest":1416,"minecraft:interact_with_furnace":6,"minecraft:sprint_one_cm":89359,"minecraft:damage_taken":585,"minecraft:walk_one_cm":31363,"minecraft:mob_kills":15,"minecraft:damage_dealt":1991,"minecraft:interact_with_crafting_table":5,"minecraft:fly_one_cm":96268,"minecraft:deaths":1,"minecraft:crouch_one_cm":7345,"minecraft:play_time":26643,"minecraft:sneak_time":2632,"minecraft:jump":415,"minecraft:walk_on_water_one_cm":1224,"minecraft:leave_game":1,"minecraft:time_since_death":1385,"minecraft:total_world_time":26643,"minecraft:fall_one_cm":14016},"minecraft:crafted":{"minecraft:cooked_porkchop":4,"minecraft:crafting_table":1,"minecraft:spruce_planks":24,"minecraft:stick":20,"minecraft:wooden_pickaxe":1,"minecraft:stone_pickaxe":1,"minecraft:furnace":1,"minecraft:stone":1,"minecraft:torch":12,"minecraft:stone_axe":1,"minecraft:air":0},"minecraft:picked_up":{"minecraft:raw_iron":20,"minecraft:crafting_table":4,"minecraft:chest_minecart":1,"minecraft:leather":6,"minecraft:porkchop":7,"minecraft:chain":10,"minecraft:gunpowder":1,"minecraft:spruce_log":8,"minecraft:lapis_lazuli":51,"minecraft:dirt":17,"minecraft:bone":2,"minecraft:arrow":2,"minecraft:rotten_flesh":2,"minecraft:beef":13,"minecraft:sugar_cane":2,"minecraft:coal":32,"minecraft:rail":2,"minecraft:cobblestone":52,"minecraft:furnace":4},"minecraft:killed":{"minecraft:zombie":3,"minecraft:pig":4,"minecraft:stray":1,"minecraft:creeper":1,"minecraft:cow":6}},"DataVersion":3953}