{"stats":{"minecraft:broken":{"minecraft:stone_pickaxe":1,"minecraft:iron_axe":1,"minecraft:iron_pickaxe":1},"minecraft:mined":{"minecraft:tuff":2,"minecraft:deepslate_diamond_ore":93,"minecraft:obsidian":15,"minecraft:budding_amethyst":1,"minecraft:grass_block":4,"minecraft:spruce_leaves":87,"minecraft:spawner":1,"minecraft:large_fern":2,"minecraft:furnace":7,"minecraft:iron_ore":32,"minecraft:cobbled_deepslate":13,"minecraft:deepslate_lapis_ore":3,"minecraft:deepslate_iron_ore":21,"minecraft:stone":53,"minecraft:deepslate_redstone_ore":41,"minecraft:medium_amethyst_bud":2,"minecraft:amethyst_cluster":3,"minecraft:crafting_table":11,"minecraft:short_grass":1,"minecraft:calcite":37,"minecraft:chest":1,"minecraft:cobblestone":2,"minecraft:deepslate_gold_ore":25,"minecraft:lapis_ore":9,"minecraft:oak_planks":5,"minecraft:blue_bed":1,"minecraft:amethyst_block":4,"minecraft:chain":11,"minecraft:ice":19,"minecraft:spruce_log":15,"minecraft:coal_ore":53,"minecraft:oak_log":42,"minecraft:gravel":2,"minecraft:dirt":20,"minecraft:smooth_basalt":3,"minecraft:netherrack":2,"minecraft:deepslate":96},"minecraft:used":{"minecraft:flint_and_steel":1,"minecraft:chest":5,"minecraft:spruce_planks":9,"minecraft:shield":72,"minecraft:stone":1,"minecraft:cooked_salmon":2,"minecraft:iron_chestplate":1,"minecraft:oak_door":1,"minecraft:torch":50,"minecraft:dirt":24,"minecraft:tuff":2,"minecraft:obsidian":14,"minecraft:iron_axe":154,"minecraft:iron_boots":1,"minecraft:beef":3,"minecraft:furnace":9,"minecraft:cooked_beef":10,"minecraft:cobbled_deepslate":111,"minecraft:iron_leggings":1,"minecraft:calcite":3,"minecraft:water_bucket":26,"minecraft:stone_pickaxe":130,"minecraft:oak_planks":13,"minecraft:wooden_pickaxe":9,"minecraft:diamond_axe":11,"minecraft:golden_apple":2,"minecraft:glow_berries":25,"minecraft:crafting_table":12,"minecraft:diamond_pickaxe":39,"minecraft:bread":4,"minecraft:iron_pickaxe":380,"minecraft:stone_axe":36,"minecraft:cobblestone":39,"minecraft:cooked_porkchop":6,"minecraft:porkchop":1,"minecraft:bucket":27,"minecraft:chain":8},"minecraft:custom":{"minecraft:mob_kills":66,"minecraft:interact_with_crafting_table":18,"minecraft:leave_game":2,"minecraft:time_since_death":102759,"minecraft:sprint_one_cm":464766,"minecraft:walk_one_cm":215820,"minecraft:damage_blocked_by_shield":2548,"minecraft:drop":30,"minecraft:play_time":128017,"minecraft:deaths":1,"minecraft:sneak_time":10197,"minecraft:walk_under_water_one_cm":31114,"minecraft:jump":3034,"minecraft:walk_on_water_one_cm":28392,"minecraft:total_world_time":128017,"minecraft:interact_with_furnace":24,"minecraft:sleep_in_bed":1,"minecraft:time_since_rest":6201,"minecraft:damage_taken":2093,"minecraft:damage_absorbed":26,"minecraft:damage_dealt":10789,"minecraft:fly_one_cm":497777,"minecraft:swim_one_cm":29732,"minecraft:open_chest":1,"minecraft:crouch_one_cm":24595,"minecraft:fall_one_cm":78964},"minecraft:dropped":{"minecraft:glow_ink_sac":4,"minecraft:dripstone_block":2,"minecraft:leather":8,"minecraft:stick":10,"minecraft:diorite":2,"minecraft:torch":9,"minecraft:chain":2,"minecraft:iron_pickaxe":2,"minecraft:string":1,"minecraft:spruce_sapling":4,"minecraft:bone":20,"minecraft:oak_door":2,"minecraft:stone_axe":1,"minecraft:pointed_dripstone":5,"minecraft:rotten_flesh":29,"minecraft:beetroot_seeds":4,"minecraft:spider_eye":1,"minecraft:arrow":7,"minecraft:wooden_pickaxe":1},"minecraft:crafted":{"minecraft:oak_door":3,"minecraft:oak_planks":24,"minecraft:furnace":2,"minecraft:stone":1,"minecraft:flint_and_steel":1,"minecraft:iron_boots":1,"minecraft:iron_axe":1,"minecraft:stone_pickaxe":1,"minecraft:chest":4,"minecraft:cooked_beef":10,"minecraft:cooked_porkchop":6,"minecraft:diamond_axe":1,"minecraft:crafting_table":2,"minecraft:spruce_planks":64,"minecraft:wooden_pickaxe":1,"minecraft:cooked_salmon":2,"minecraft:bucket":1,"minecraft:stone_axe":1,"minecraft:air":0,"minecraft:iron_chestplate":1,"minecraft:shield":1,"minecraft:diamond_pickaxe":1,"minecraft:stick":36,"minecraft:iron_ingot":48,"minecraft:iron_pickaxe":2,"minecraft:iron_leggings":1,"minecraft:torch":40},"minecraft:picked_up":{"minecraft:crafting_table":10,"minecraft:chest_minecart":1,"minecraft:chain":10,"minecraft:string":1,"minecraft:cobbled_deepslate":119,"minecraft:beef":16,"minecraft:calcite":37,"minecraft:iron_pickaxe":1,"minecraft:sugar_cane":2,"minecraft:chest":1,"minecraft:furnace":7,"minecraft:raw_iron":53,"minecraft:stick":2,"minecraft:torch":9,"minecraft:porkchop":7,"minecraft:pointed_dripstone":5,"minecraft:diorite":2,"minecraft:redstone":183,"minecraft:arrow":18,"minecraft:rotten_flesh":29,"minecraft:obsidian":14,"minecraft:rail":3,"minecraft:cobblestone":54,"minecraft:glow_ink_sac":4,"minecraft:salmon":2,"minecraft:leather":10,"minecraft:flint":1,"minecraft:oak_log":43,"minecraft:tuff":2,"minecraft:gunpowder":9,"minecraft:lapis_lazuli":75,"minecraft:dirt":24,"minecraft:bone":20,"minecraft:raw_gold":25,"minecraft:oak_planks":7,"minecraft:dripstone_block":2,"minecraft:gravel":2,"minecraft:amethyst_shard":12,"minecraft:spruce_sapling":8,"minecraft:spruce_log":16,"minecraft:spider_eye":1,"minecraft:diamond":93,"minecraft:netherrack":2,"minecraft:coal":149},"minecraft:killed":{"minecraft:cave_spider":1,"minecraft:spider":2,"minecraft:skeleton":11,"minecraft:pig":4,"minecraft:zombie_villager":1,"minecraft:salmon":2,"minecraft:creeper":4,"minecraft:zombie":31,"minecraft:stray":1,"minecraft:cow":8}},"DataVersion":3953}