{"stats":{"minecraft:crafted":{"minecraft:grindstone":1,"minecraft:smooth_stone":21,"minecraft:oak_planks":1668,"minecraft:cobblestone_slab":90,"minecraft:oak_sign":27,"minecraft:blaze_powder":18,"minecraft:slime_block":6,"minecraft:stone":27,"minecraft:cobblestone_stairs":4,"minecraft:diamond_shovel":1,"minecraft:bookshelf":8,"minecraft:shulker_box":6,"minecraft:cooked_mutton":32,"minecraft:iron_bars":16,"minecraft:glass":109,"minecraft:hopper":44,"minecraft:diamond_helmet":1,"minecraft:diamond_leggings":1,"minecraft:bow":1,"minecraft:iron_boots":2,"minecraft:stone_pressure_plate":1,"minecraft:chest":98,"minecraft:rail":16,"minecraft:stone_hoe":2,"minecraft:ender_eye":14,"minecraft:smoker":1,"minecraft:glass_bottle":6,"minecraft:dropper":2,"minecraft:oak_slab":48,"minecraft:emerald":2,"minecraft:cooked_porkchop":89,"minecraft:diamond_axe":2,"minecraft:crafting_table":10,"minecraft:wooden_pickaxe":1,"minecraft:iron_helmet":2,"minecraft:sticky_piston":10,"minecraft:fletching_table":4,"minecraft:hopper_minecart":4,"minecraft:birch_planks":8,"minecraft:dispenser":1,"minecraft:tnt":1,"minecraft:lectern":8,"minecraft:iron_chestplate":2,"minecraft:paper":321,"minecraft:diamond_pickaxe":1,"minecraft:shield":1,"minecraft:stick":272,"minecraft:crafter":1,"minecraft:stone_slab":6,"minecraft:iron_ingot":190,"minecraft:iron_pickaxe":2,"minecraft:iron_block":91,"minecraft:gray_carpet":3,"minecraft:redstone_torch":2,"minecraft:light_gray_carpet":3,"minecraft:composter":1,"minecraft:shears":2,"minecraft:oak_door":3,"minecraft:redstone":27,"minecraft:tripwire_hook":2,"minecraft:jukebox":1,"minecraft:furnace":74,"minecraft:stone_button":1,"minecraft:yellow_bed":4,"minecraft:bone_meal":339,"minecraft:white_carpet":144,"minecraft:oak_trapdoor":50,"minecraft:stone_stairs":4,"minecraft:flint_and_steel":1,"minecraft:detector_rail":6,"minecraft:iron_axe":4,"minecraft:ladder":39,"minecraft:stone_pickaxe":2,"minecraft:cobblestone_wall":6,"minecraft:minecart":5,"minecraft:observer":9,"minecraft:wheat":564,"minecraft:cooked_beef":35,"minecraft:diamond_sword":1,"minecraft:powered_rail":6,"minecraft:iron_sword":1,"minecraft:bucket":4,"minecraft:stone_axe":2,"minecraft:enchanted_book":34,"minecraft:air":0,"minecraft:bread":192,"minecraft:oak_fence_gate":5,"minecraft:oak_boat":7,"minecraft:wooden_axe":1,"minecraft:black_carpet":3,"minecraft:iron_shovel":8,"minecraft:iron_leggings":2,"minecraft:anvil":2,"minecraft:white_bed":9,"minecraft:torch":28,"minecraft:firework_rocket":867,"minecraft:diamond_chestplate":1},"minecraft:broken":{"minecraft:iron_shovel":6,"minecraft:stone_axe":1,"minecraft:iron_sword":1,"minecraft:stone_hoe":1,"minecraft:iron_axe":4,"minecraft:iron_pickaxe":2},"minecraft:mined":{"minecraft:dragon_wall_head":1,"minecraft:white_bed":22,"minecraft:cobblestone_stairs":13,"minecraft:brewing_stand":4,"minecraft:obsidian":59,"minecraft:granite":22,"minecraft:grass_block":3230,"minecraft:soul_soil":1,"minecraft:composter":5,"minecraft:hopper":33,"minecraft:oxeye_daisy":10,"minecraft:oak_wall_sign":23,"minecraft:spawner":1,"minecraft:nether_wart":54,"minecraft:smooth_stone":105,"minecraft:glowstone":13,"minecraft:iron_ore":24,"minecraft:sticky_piston":10,"minecraft:fire":31,"minecraft:dragon_head":1,"minecraft:black_carpet":7,"minecraft:anvil":1,"minecraft:fletching_table":6,"minecraft:azure_bluet":7,"minecraft:red_tulip":2,"minecraft:oak_sign":5,"minecraft:dirt_path":1157,"minecraft:oak_stairs":140,"minecraft:iron_bars":1,"minecraft:deepslate_redstone_ore":27,"minecraft:kelp_plant":2,"minecraft:crimson_nylium":6,"minecraft:smoker":4,"minecraft:soul_fire":1,"minecraft:torch":22,"minecraft:blast_furnace":6,"minecraft:poppy":7,"minecraft:chest":36,"minecraft:glass":3,"minecraft:cobblestone":470,"minecraft:nether_quartz_ore":21,"minecraft:slime_block":10,"minecraft:oak_planks":326,"minecraft:sugar_cane":399,"minecraft:iron_door":1,"minecraft:wall_torch":15,"minecraft:seagrass":2,"minecraft:repeater":1,"minecraft:powered_rail":43,"minecraft:birch_log":2,"minecraft:yellow_wool":15,"minecraft:wheat":51,"minecraft:stripped_oak_wood":3,"minecraft:tnt":1,"minecraft:jukebox":6,"minecraft:orange_tulip":2,"minecraft:smooth_stone_slab":66,"minecraft:oak_log":376,"minecraft:beetroots":2,"minecraft:oak_fence_gate":2,"minecraft:loom":4,"minecraft:sand":190,"minecraft:dirt":2256,"minecraft:netherrack":573,"minecraft:piston":6,"minecraft:oak_leaves":458,"minecraft:deepslate":73,"minecraft:diamond_ore":40,"minecraft:tuff":1,"minecraft:mossy_cobblestone":28,"minecraft:deepslate_diamond_ore":12,"minecraft:oak_door":1,"minecraft:end_stone":58,"minecraft:shulker_box":33,"minecraft:crafter":1,"minecraft:nether_bricks":2,"minecraft:lever":4,"minecraft:ladder":5,"minecraft:stone_button":1,"minecraft:crimson_roots":2,"minecraft:redstone_wire":11,"minecraft:spruce_leaves":111,"minecraft:kelp":1,"minecraft:hay_block":63,"minecraft:redstone_ore":2,"minecraft:oak_trapdoor":19,"minecraft:carrots":9,"minecraft:furnace":4,"minecraft:andesite":23,"minecraft:detector_rail":11,"minecraft:bell":3,"minecraft:nether_brick_fence":1,"minecraft:bookshelf":24,"minecraft:potatoes":4,"minecraft:deepslate_iron_ore":8,"minecraft:cobblestone_slab":82,"minecraft:rail":26,"minecraft:stripped_oak_log":56,"minecraft:chorus_plant":1,"minecraft:stone":779,"minecraft:bone_block":33,"minecraft:redstone_wall_torch":1,"minecraft:white_wool":27,"minecraft:oak_slab":115,"minecraft:light_gray_carpet":5,"minecraft:redstone_block":2,"minecraft:glass_pane":9,"minecraft:comparator":7,"minecraft:soul_sand":1,"minecraft:observer":22,"minecraft:dandelion":56,"minecraft:oak_fence":98,"minecraft:crafting_table":14,"minecraft:cornflower":11,"minecraft:short_grass":1239,"minecraft:honey_block":2,"minecraft:dropper":1,"minecraft:lectern":890,"minecraft:stone_slab":8,"minecraft:copper_ore":8,"minecraft:tall_grass":155,"minecraft:lapis_ore":2,"minecraft:deepslate_gold_ore":23,"minecraft:lily_pad":1,"minecraft:diorite":115,"minecraft:blue_bed":2,"minecraft:purple_bed":1,"minecraft:white_carpet":10,"minecraft:birch_leaves":13,"minecraft:bee_nest":2,"minecraft:yellow_bed":21,"minecraft:coal_ore":72,"minecraft:sunflower":1,"minecraft:gravel":100,"minecraft:gray_carpet":4,"minecraft:cracked_stone_bricks":1,"minecraft:oak_button":1,"minecraft:stone_bricks":2},"minecraft:dropped":{"minecraft:porkchop":1,"minecraft:oak_log":12,"minecraft:loom":2,"minecraft:ender_pearl":290,"minecraft:glass_bottle":6,"minecraft:nether_star":3,"minecraft:orange_tulip":4,"minecraft:leather":5,"minecraft:fletching_table":6,"minecraft:flint":3,"minecraft:emerald":2,"minecraft:dirt":2437,"minecraft:cornflower":9,"minecraft:crimson_roots":2,"minecraft:gold_nugget":2,"minecraft:bone_meal":2,"minecraft:sunflower":1,"minecraft:bone":68,"minecraft:oak_door":3,"minecraft:gravel":1,"minecraft:stone_axe":2,"minecraft:cobbled_deepslate":3,"minecraft:wheat":3,"minecraft:beetroot":2,"minecraft:rotten_flesh":41,"minecraft:oak_planks":50,"minecraft:light_gray_carpet":3,"minecraft:wither_spawn_egg":5,"minecraft:nether_brick_fence":4,"minecraft:azure_bluet":7,"minecraft:white_bed":3,"minecraft:poppy":217,"minecraft:oak_fence_gate":2,"minecraft:skeleton_skull":1,"minecraft:dropper":1,"minecraft:beetroot_seeds":4,"minecraft:hopper":1,"minecraft:arrow":7,"minecraft:powered_rail":21,"minecraft:oak_leaves":57,"minecraft:netherrack":11,"minecraft:iron_ingot":62,"minecraft:bread":552,"minecraft:oak_slab":10,"minecraft:birch_leaves":16,"minecraft:wheat_seeds":142,"minecraft:feather":3,"minecraft:oak_fence":2,"minecraft:iron_helmet":2,"minecraft:cobblestone":73,"minecraft:granite":15,"minecraft:hopper_minecart":4,"minecraft:coal":1924,"minecraft:stick":30,"minecraft:oxeye_daisy":8,"minecraft:lava_bucket":2,"minecraft:diorite":2,"minecraft:torch":4,"minecraft:wooden_axe":1,"minecraft:iron_door":1,"minecraft:potion":1,"minecraft:iron_leggings":2,"minecraft:oak_stairs":8,"minecraft:smooth_stone":66,"minecraft:iron_shovel":1,"minecraft:string":37,"minecraft:bucket":2,"minecraft:gray_carpet":3,"minecraft:dandelion":58,"minecraft:skull_pottery_sherd":1,"minecraft:oak_trapdoor":28,"minecraft:stone_sword":17,"minecraft:raw_copper":34,"minecraft:white_carpet":385,"minecraft:iron_boots":2,"minecraft:stone_slab":5,"minecraft:ender_eye":2,"minecraft:oak_sign":1,"minecraft:diamond_sword":4,"minecraft:potato":22,"minecraft:stone":2,"minecraft:iron_chestplate":2,"minecraft:oak_boat":4,"minecraft:oak_sapling":14,"minecraft:spider_eye":7,"minecraft:stone_pickaxe":1,"minecraft:wooden_pickaxe":1,"minecraft:red_tulip":4},"minecraft:custom":{"minecraft:animals_bred":2,"minecraft:interact_with_crafting_table":253,"minecraft:open_shulker_box":107,"minecraft:bell_ring":35,"minecraft:leave_game":20,"minecraft:time_since_death":14023,"minecraft:sprint_one_cm":4038602,"minecraft:damage_blocked_by_shield":3383,"minecraft:drop":1018,"minecraft:talked_to_villager":1303,"minecraft:play_time":1909854,"minecraft:deaths":15,"minecraft:jump":18448,"minecraft:interact_with_brewingstand":20,"minecraft:walk_on_water_one_cm":230830,"minecraft:interact_with_furnace":165,"minecraft:traded_with_villager":36,"minecraft:interact_with_loom":1,"minecraft:sleep_in_bed":114,"minecraft:damage_dealt":132157,"minecraft:crouch_one_cm":645287,"minecraft:inspect_dispenser":19,"minecraft:interact_with_smoker":32,"minecraft:horse_one_cm":22415,"minecraft:inspect_dropper":9,"minecraft:interact_with_anvil":32,"minecraft:mob_kills":1191,"minecraft:inspect_hopper":226,"minecraft:climb_one_cm":67168,"minecraft:walk_one_cm":2827139,"minecraft:sneak_time":150847,"minecraft:walk_under_water_one_cm":46175,"minecraft:boat_one_cm":548279,"minecraft:interact_with_blast_furnace":22,"minecraft:total_world_time":1909854,"minecraft:interact_with_grindstone":3,"minecraft:time_since_rest":7465,"minecraft:damage_taken":22610,"minecraft:swim_one_cm":57738,"minecraft:fly_one_cm":5699980,"minecraft:open_chest":1080,"minecraft:aviate_one_cm":12376082,"minecraft:fall_one_cm":346407},"minecraft:killed":{"minecraft:zombified_piglin":1,"minecraft:witch":2,"minecraft:spider":30,"minecraft:shulker":24,"minecraft:wither":1,"minecraft:skeleton":35,"minecraft:chicken":1,"minecraft:silverfish":2,"minecraft:cat":2,"minecraft:magma_cube":13,"minecraft:piglin":1,"minecraft:pig":48,"minecraft:iron_golem":37,"minecraft:ender_dragon":2,"minecraft:creeper":51,"minecraft:sheep":58,"minecraft:trader_llama":1,"minecraft:zombie":70,"minecraft:ghast":1,"minecraft:glow_squid":1,"minecraft:blaze":34,"minecraft:cow":38,"minecraft:bogged":3,"minecraft:endermite":1,"minecraft:slime":105,"minecraft:horse":1,"minecraft:bat":1,"minecraft:frog":1,"minecraft:wither_skeleton":103,"minecraft:villager":13,"minecraft:enderman":496},"minecraft:picked_up":{"minecraft:shulker_shell":15,"minecraft:wheat":16,"minecraft:iron_chestplate":8,"minecraft:black_carpet":7,"minecraft:redstone_block":1,"minecraft:nether_brick_fence":4,"minecraft:anvil":1,"minecraft:yellow_wool":16,"minecraft:stone_slab":11,"minecraft:diamond_sword":7,"minecraft:oak_stairs":135,"minecraft:enchanted_book":6,"minecraft:potion":14,"minecraft:brewing_stand":5,"minecraft:string":41,"minecraft:soul_soil":1,"minecraft:raw_copper":50,"minecraft:smooth_stone_slab":978,"minecraft:iron_leggings":8,"minecraft:sticky_piston":10,"minecraft:oak_sign":29,"minecraft:beetroot":2,"minecraft:smooth_stone":185,"minecraft:gold_nugget":2,"minecraft:cobbled_deepslate":20,"minecraft:comparator":7,"minecraft:bucket":5,"minecraft:redstone_torch":1,"minecraft:cobblestone_slab":151,"minecraft:ender_eye":32,"minecraft:iron_pickaxe":1,"minecraft:hopper_minecart":14,"minecraft:iron_boots":5,"minecraft:furnace":8,"minecraft:tipped_arrow":3,"minecraft:stick":57,"minecraft:jukebox":7,"minecraft:composter":5,"minecraft:oak_fence":133,"minecraft:torch":72,"minecraft:porkchop":134,"minecraft:diorite":98,"minecraft:stone_sword":18,"minecraft:rotten_flesh":91,"minecraft:red_tulip":5,"minecraft:blaze_rod":25,"minecraft:obsidian":58,"minecraft:iron_bars":1,"minecraft:cobblestone":1671,"minecraft:blaze_powder":3,"minecraft:birch_log":2,"minecraft:feather":3,"minecraft:repeater":6,"minecraft:cooked_beef":59,"minecraft:magma_cream":1,"minecraft:water_bucket":5,"minecraft:iron_door":1,"minecraft:andesite":29,"minecraft:brown_wool":1,"minecraft:smoker":5,"minecraft:potato":15,"minecraft:flint":21,"minecraft:tuff":1,"minecraft:wither_skeleton_skull":9,"minecraft:lapis_lazuli":11,"minecraft:dirt":6371,"minecraft:name_tag":3,"minecraft:glass":4,"minecraft:bone":249,"minecraft:bow":4,"minecraft:wheat_seeds":291,"minecraft:orange_tulip":5,"minecraft:raw_gold":22,"minecraft:bell":5,"minecraft:fletching_table":20,"minecraft:glowstone_dust":46,"minecraft:powered_rail":98,"minecraft:oak_planks":739,"minecraft:stone_hoe":1,"minecraft:cooked_porkchop":19,"minecraft:dropper":1,"minecraft:sand":181,"minecraft:grass_block":1,"minecraft:loom":7,"minecraft:shulker_box":50,"minecraft:mossy_cobblestone":22,"minecraft:diamond":112,"minecraft:slime_block":10,"minecraft:lever":7,"minecraft:granite":28,"minecraft:bone_meal":14,"minecraft:emerald":115,"minecraft:bread":196,"minecraft:oak_sapling":22,"minecraft:light_gray_carpet":5,"minecraft:netherrack":744,"minecraft:nether_star":3,"minecraft:oak_leaves":322,"minecraft:crimson_roots":2,"minecraft:diamond_pickaxe":6,"minecraft:crafting_table":20,"minecraft:bee_nest":1,"minecraft:azure_bluet":10,"minecraft:ladder":6,"minecraft:nether_wart":120,"minecraft:wooden_pickaxe":1,"minecraft:dragon_head":2,"minecraft:shield":7,"minecraft:cornflower":15,"minecraft:oak_trapdoor":42,"minecraft:elytra":4,"minecraft:iron_axe":2,"minecraft:flint_and_steel":1,"minecraft:white_carpet":610,"minecraft:iron_shovel":5,"minecraft:cracked_stone_bricks":1,"minecraft:detector_rail":13,"minecraft:beef":39,"minecraft:oak_boat":63,"minecraft:observer":26,"minecraft:poppy":334,"minecraft:light_gray_wool":3,"minecraft:lectern":891,"minecraft:minecart":3,"minecraft:sugar_cane":912,"minecraft:chest":39,"minecraft:piston":7,"minecraft:diamond_hoe":2,"minecraft:raw_iron":32,"minecraft:end_stone":76,"minecraft:stone":15,"minecraft:oak_door":11,"minecraft:stone_button":1,"minecraft:carrot":30,"minecraft:redstone":250,"minecraft:tnt":1,"minecraft:arrow":279,"minecraft:diamond_chestplate":1,"minecraft:beetroot_seeds":4,"minecraft:nether_bricks":15,"minecraft:diamond_boots":3,"minecraft:hay_block":83,"minecraft:gold_ingot":44,"minecraft:mutton":82,"minecraft:white_wool":163,"minecraft:bone_block":33,"minecraft:rail":25,"minecraft:oxeye_daisy":12,"minecraft:stripped_oak_log":56,"minecraft:birch_leaves":16,"minecraft:glow_ink_sac":1,"minecraft:leather":77,"minecraft:crafter":1,"minecraft:oak_log":374,"minecraft:yellow_bed":27,"minecraft:gunpowder":124,"minecraft:cobblestone_stairs":12,"minecraft:blue_bed":8,"minecraft:paper":100,"minecraft:cooked_mutton":99,"minecraft:gray_carpet":4,"minecraft:apple":2,"minecraft:stone_bricks":2,"minecraft:kelp":2,"minecraft:iron_ingot":967,"minecraft:oak_fence_gate":3,"minecraft:stone_pickaxe":1,"minecraft:cooked_chicken":4,"minecraft:stripped_oak_wood":4,"minecraft:glass_bottle":3,"minecraft:iron_sword":1,"minecraft:soul_sand":3,"minecraft:book":184,"minecraft:oak_slab":146,"minecraft:quartz":39,"minecraft:dandelion":69,"minecraft:gravel":93,"minecraft:lava_bucket":8,"minecraft:spruce_sapling":16,"minecraft:blast_furnace":8,"minecraft:white_bed":29,"minecraft:spruce_log":30,"minecraft:spider_eye":16,"minecraft:dragon_egg":4,"minecraft:firework_rocket":67,"minecraft:purple_bed":2,"minecraft:slime_ball":189,"minecraft:stone_axe":2,"minecraft:honey_block":2,"minecraft:iron_helmet":8,"minecraft:diamond_axe":7,"minecraft:gray_wool":2,"minecraft:black_wool":3,"minecraft:sunflower":1,"minecraft:coal":18849,"minecraft:hopper":40,"minecraft:ender_pearl":452,"minecraft:wooden_axe":1},"minecraft:killed_by":{"minecraft:creeper":2,"minecraft:zombie":2,"minecraft:enderman":3,"minecraft:iron_golem":3,"minecraft:skeleton":2},"minecraft:used":{"minecraft:oak_sign":63,"minecraft:iron_shovel":2065,"minecraft:black_carpet":7,"minecraft:dispenser":11,"minecraft:elytra":23,"minecraft:ladder":43,"minecraft:diamond_hoe":316,"minecraft:shield":48,"minecraft:chest":111,"minecraft:iron_sword":260,"minecraft:nether_wart":54,"minecraft:bell":2,"minecraft:iron_chestplate":3,"minecraft:soul_sand":23,"minecraft:mutton":15,"minecraft:nether_bricks":2,"minecraft:crafter":2,"minecraft:carrot":26,"minecraft:obsidian":51,"minecraft:glass":107,"minecraft:packed_ice":4,"minecraft:honey_block":4,"minecraft:lava_bucket":27,"minecraft:villager_spawn_egg":2,"minecraft:iron_helmet":1,"minecraft:hopper_minecart":10,"minecraft:repeater":51,"minecraft:bow":82,"minecraft:furnace":75,"minecraft:dragon_head":2,"minecraft:dropper":3,"minecraft:oak_planks":511,"minecraft:stone_pickaxe":235,"minecraft:gray_carpet":4,"minecraft:powered_rail":213,"minecraft:orange_tulip":1,"minecraft:ender_pearl":129,"minecraft:wooden_pickaxe":17,"minecraft:redstone_block":28,"minecraft:composter":6,"minecraft:sugar_cane":118,"minecraft:diamond_axe":2181,"minecraft:blue_bed":2,"minecraft:oak_leaves":265,"minecraft:golden_apple":1,"minecraft:white_wool":12,"minecraft:blast_furnace":5,"minecraft:sand":4,"minecraft:loom":3,"minecraft:end_stone":17,"minecraft:shears":1,"minecraft:redstone_torch":10,"minecraft:sticky_piston":20,"minecraft:lever":14,"minecraft:firework_rocket":484,"minecraft:stone_button":2,"minecraft:string":1,"minecraft:bread":99,"minecraft:lectern":898,"minecraft:diamond_ore":40,"minecraft:gravel":45,"minecraft:diamond_sword":860,"minecraft:grindstone":1,"minecraft:air":1,"minecraft:smooth_stone_slab":2538,"minecraft:oak_boat":55,"minecraft:bone_meal":174,"minecraft:oak_fence":6,"minecraft:oak_trapdoor":61,"minecraft:iron_bars":2,"minecraft:flint_and_steel":4,"minecraft:redstone":47,"minecraft:wither_spawn_egg":5,"minecraft:light_gray_carpet":5,"minecraft:wither_skeleton_spawn_egg":80,"minecraft:cooked_chicken":3,"minecraft:stone_hoe":330,"minecraft:netherrack":303,"minecraft:oak_door":1,"minecraft:torch":117,"minecraft:dragon_egg":2,"minecraft:brewing_stand":4,"minecraft:dirt":2546,"minecraft:anvil":2,"minecraft:white_carpet":158,"minecraft:hopper":330,"minecraft:cobblestone_wall":1,"minecraft:stone_stairs":4,"minecraft:shulker_box":35,"minecraft:oak_fence_gate":6,"minecraft:wooden_axe":32,"minecraft:red_tulip":1,"minecraft:iron_block":10,"minecraft:iron_axe":695,"minecraft:oak_stairs":2,"minecraft:slime_block":18,"minecraft:iron_boots":1,"minecraft:diamond_chestplate":16,"minecraft:tripwire_hook":2,"minecraft:beef":4,"minecraft:minecart":4,"minecraft:cooked_beef":84,"minecraft:observer":52,"minecraft:iron_leggings":1,"minecraft:wheat_seeds":42,"minecraft:cooked_mutton":35,"minecraft:water_bucket":205,"minecraft:cobblestone_stairs":7,"minecraft:birch_planks":1,"minecraft:glass_bottle":10,"minecraft:cobblestone_slab":115,"minecraft:fletching_table":8,"minecraft:mossy_cobblestone":9,"minecraft:tnt":3,"minecraft:rail":60,"minecraft:comparator":19,"minecraft:crafting_table":20,"minecraft:oak_slab":116,"minecraft:white_bed":62,"minecraft:smoker":5,"minecraft:oak_log":8,"minecraft:piston":9,"minecraft:ender_eye":16,"minecraft:diamond_pickaxe":2361,"minecraft:apple":3,"minecraft:diamond_shovel":6116,"minecraft:oak_button":1,"minecraft:iron_pickaxe":504,"minecraft:detector_rail":17,"minecraft:stone_slab":23,"minecraft:stone_axe":105,"minecraft:purple_bed":2,"minecraft:porkchop":24,"minecraft:cobblestone":2531,"minecraft:potion":10,"minecraft:cooked_porkchop":97,"minecraft:bucket":218,"minecraft:yellow_bed":19,"minecraft:kelp":15,"minecraft:jukebox":8,"minecraft:smooth_stone":860}},"DataVersion":3953}