{"stats":{"minecraft:picked_up":{"minecraft:crafting_table":10,"minecraft:wheat":24,"minecraft:chest_minecart":1,"minecraft:potion":1,"minecraft:enchanted_book":1,"minecraft:nether_brick":7,"minecraft:chain":10,"minecraft:brewing_stand":1,"minecraft:string":6454,"minecraft:oak_trapdoor":12,"minecraft:blackstone":36,"minecraft:gold_nugget":32,"minecraft:cobbled_deepslate":119,"minecraft:spruce_planks":8,"minecraft:beef":18,"minecraft:oak_boat":7,"minecraft:calcite":37,"minecraft:poppy":4,"minecraft:iron_pickaxe":1,"minecraft:spruce_trapdoor":9,"minecraft:sugar_cane":2,"minecraft:chest":5,"minecraft:furnace":17,"minecraft:stick":11,"minecraft:raw_iron":53,"minecraft:torch":32,"minecraft:spruce_stairs":4,"minecraft:porkchop":7,"minecraft:pointed_dripstone":5,"minecraft:diorite":2,"minecraft:redstone":188,"minecraft:arrow":18,"minecraft:rotten_flesh":33,"minecraft:nether_bricks":4,"minecraft:gold_ingot":4,"minecraft:blaze_rod":13,"minecraft:obsidian":30,"minecraft:snowball":271,"minecraft:rail":3,"minecraft:cobblestone":261,"minecraft:glow_ink_sac":4,"minecraft:tripwire_hook":16,"minecraft:salmon":2,"minecraft:leather":16,"minecraft:smoker":1,"minecraft:flint":16,"minecraft:tuff":2,"minecraft:stripped_spruce_wood":71,"minecraft:oak_log":43,"minecraft:gunpowder":11,"minecraft:lapis_lazuli":75,"minecraft:dirt":401,"minecraft:blue_bed":12,"minecraft:lantern":3,"minecraft:bone":20,"minecraft:stonecutter":1,"minecraft:wheat_seeds":73,"minecraft:raw_gold":25,"minecraft:bell":10,"minecraft:iron_ingot":16,"minecraft:grindstone":2,"minecraft:fletching_table":3,"minecraft:oak_planks":41,"minecraft:oak_slab":40,"minecraft:quartz":11,"minecraft:dripstone_block":2,"minecraft:gravel":182,"minecraft:amethyst_shard":12,"minecraft:stripped_spruce_log":18,"minecraft:spruce_sapling":16,"minecraft:blast_furnace":1,"minecraft:white_bed":3,"minecraft:spruce_log":36,"minecraft:crying_obsidian":2,"minecraft:spectral_arrow":10,"minecraft:spider_eye":1,"minecraft:barrel":13,"minecraft:diamond":93,"minecraft:lever":11,"minecraft:emerald":1,"minecraft:netherrack":455,"minecraft:coal":149,"minecraft:hopper":23},"minecraft:crafted":{"minecraft:golden_carrot":72,"minecraft:oak_door":3,"minecraft:cookie":216,"minecraft:oak_planks":172,"minecraft:redstone":24,"minecraft:barrel":7,"minecraft:tripwire_hook":6,"minecraft:experience_bottle":12,"minecraft:blaze_powder":14,"minecraft:furnace":2,"minecraft:stone":1,"minecraft:lever":3,"minecraft:diamond_shovel":1,"minecraft:suspicious_stew":2,"minecraft:oak_trapdoor":4,"minecraft:flint_and_steel":1,"minecraft:hopper":2,"minecraft:diamond_helmet":1,"minecraft:diamond_leggings":1,"minecraft:iron_boots":1,"minecraft:iron_axe":49,"minecraft:iron_hoe":1,"minecraft:ender_pearl":12,"minecraft:stone_pickaxe":1,"minecraft:chest":14,"minecraft:diamond_boots":1,"minecraft:ender_eye":12,"minecraft:cooked_beef":10,"minecraft:oak_slab":42,"minecraft:diamond_sword":1,"minecraft:emerald":696,"minecraft:cooked_porkchop":6,"minecraft:diamond_axe":2,"minecraft:crafting_table":2,"minecraft:spruce_planks":368,"minecraft:wooden_pickaxe":1,"minecraft:bell":7,"minecraft:cooked_salmon":2,"minecraft:fletching_table":3,"minecraft:bucket":1,"minecraft:stone_axe":1,"minecraft:glowstone":12,"minecraft:bread":192,"minecraft:air":0,"minecraft:apple":64,"minecraft:oak_boat":3,"minecraft:spruce_trapdoor":12,"minecraft:iron_chestplate":1,"minecraft:white_wool":55,"minecraft:diamond_pickaxe":1,"minecraft:shield":1,"minecraft:stick":200,"minecraft:iron_ingot":143,"minecraft:iron_pickaxe":2,"minecraft:gold_ingot":25,"minecraft:iron_leggings":1,"minecraft:white_bed":7,"minecraft:composter":2,"minecraft:spruce_fence_gate":3,"minecraft:torch":48,"minecraft:shears":1,"minecraft:lapis_lazuli":12,"minecraft:diamond_chestplate":1},"minecraft:custom":{"minecraft:mob_kills":108,"minecraft:animals_bred":4,"minecraft:inspect_hopper":41,"minecraft:interact_with_crafting_table":59,"minecraft:open_barrel":5,"minecraft:bell_ring":93,"minecraft:leave_game":6,"minecraft:time_since_death":425188,"minecraft:sprint_one_cm":1075990,"minecraft:walk_one_cm":756693,"minecraft:damage_blocked_by_shield":2863,"minecraft:drop":420,"minecraft:talked_to_villager":142,"minecraft:play_time":450446,"minecraft:sneak_time":31367,"minecraft:deaths":1,"minecraft:walk_under_water_one_cm":32666,"minecraft:jump":6431,"minecraft:interact_with_blast_furnace":2,"minecraft:walk_on_water_one_cm":229402,"minecraft:total_world_time":450446,"minecraft:interact_with_furnace":27,"minecraft:traded_with_villager":899,"minecraft:sleep_in_bed":24,"minecraft:time_since_rest":4082,"minecraft:damage_taken":3143,"minecraft:damage_absorbed":26,"minecraft:damage_dealt":22984,"minecraft:swim_one_cm":31719,"minecraft:fly_one_cm":957880,"minecraft:open_chest":228,"minecraft:crouch_one_cm":77976,"minecraft:fall_one_cm":137028},"minecraft:broken":{"minecraft:stone_pickaxe":1,"minecraft:iron_axe":1,"minecraft:iron_pickaxe":1},"minecraft:mined":{"minecraft:nether_gold_ore":9,"minecraft:tuff":2,"minecraft:spruce_planks":8,"minecraft:white_bed":3,"minecraft:deepslate_diamond_ore":93,"minecraft:spruce_trapdoor":9,"minecraft:brewing_stand":1,"minecraft:obsidian":27,"minecraft:lever":8,"minecraft:nether_bricks":4,"minecraft:budding_amethyst":1,"minecraft:grass_block":155,"minecraft:redstone_wire":5,"minecraft:spruce_leaves":116,"minecraft:hopper":25,"minecraft:spawner":1,"minecraft:large_fern":2,"minecraft:oak_trapdoor":12,"minecraft:furnace":17,"minecraft:iron_ore":32,"minecraft:barrel":13,"minecraft:fire":67,"minecraft:cobbled_deepslate":13,"minecraft:snow":239,"minecraft:stripped_spruce_log":18,"minecraft:deepslate_lapis_ore":3,"minecraft:fletching_table":3,"minecraft:bell":9,"minecraft:deepslate_iron_ore":21,"minecraft:dirt_path":63,"minecraft:lantern":3,"minecraft:packed_ice":1,"minecraft:stone":148,"minecraft:tripwire":45,"minecraft:deepslate_redstone_ore":41,"minecraft:oak_slab":44,"minecraft:amethyst_cluster":3,"minecraft:medium_amethyst_bud":2,"minecraft:snow_block":4,"minecraft:smoker":1,"minecraft:torch":7,"minecraft:crafting_table":11,"minecraft:short_grass":75,"minecraft:blast_furnace":1,"minecraft:calcite":37,"minecraft:chest":6,"minecraft:nether_quartz_ore":6,"minecraft:cobblestone":116,"minecraft:deepslate_gold_ore":25,"minecraft:lapis_ore":9,"minecraft:grindstone":2,"minecraft:oak_planks":35,"minecraft:blue_bed":13,"minecraft:wall_torch":5,"minecraft:amethyst_block":4,"minecraft:spruce_stairs":4,"minecraft:chain":11,"minecraft:stripped_spruce_wood":74,"minecraft:wheat":25,"minecraft:ice":29,"minecraft:spruce_log":35,"minecraft:light_gray_wool":1,"minecraft:coal_ore":53,"minecraft:oak_log":42,"minecraft:gravel":152,"minecraft:dirt":193,"minecraft:smooth_basalt":3,"minecraft:tripwire_hook":12,"minecraft:stonecutter":1,"minecraft:netherrack":434,"minecraft:deepslate":96},"minecraft:killed":{"minecraft:cave_spider":1,"minecraft:spider":2,"minecraft:skeleton":11,"minecraft:magma_cube":3,"minecraft:piglin":1,"minecraft:pig":4,"minecraft:zombie_villager":1,"minecraft:salmon":2,"minecraft:iron_golem":6,"minecraft:creeper":6,"minecraft:zombie":34,"minecraft:stray":1,"minecraft:blaze":25,"minecraft:cow":9},"minecraft:used":{"minecraft:oak_trapdoor":15,"minecraft:flint_and_steel":3,"minecraft:redstone":7,"minecraft:poppy":3,"minecraft:chest":18,"minecraft:spruce_planks":24,"minecraft:shield":77,"minecraft:stone":1,"minecraft:cooked_salmon":2,"minecraft:bell":11,"minecraft:netherrack":249,"minecraft:iron_chestplate":1,"minecraft:oak_door":1,"minecraft:torch":87,"minecraft:brewing_stand":1,"minecraft:dirt":238,"minecraft:hopper":44,"minecraft:spruce_stairs":3,"minecraft:nether_bricks":4,"minecraft:tuff":2,"minecraft:snowball":28,"minecraft:obsidian":25,"minecraft:iron_hoe":110,"minecraft:lantern":3,"minecraft:iron_axe":154,"minecraft:iron_boots":1,"minecraft:barrel":20,"minecraft:tripwire_hook":22,"minecraft:golden_carrot":4,"minecraft:beef":5,"minecraft:furnace":19,"minecraft:cooked_beef":10,"minecraft:stripped_spruce_wood":1,"minecraft:cobbled_deepslate":111,"minecraft:iron_leggings":1,"minecraft:calcite":3,"minecraft:wheat_seeds":73,"minecraft:water_bucket":85,"minecraft:oak_planks":56,"minecraft:stone_pickaxe":130,"minecraft:spruce_fence_gate":2,"minecraft:wooden_pickaxe":9,"minecraft:blue_bed":12,"minecraft:composter":1,"minecraft:diamond_axe":411,"minecraft:fletching_table":3,"minecraft:golden_apple":2,"minecraft:glow_berries":25,"minecraft:oak_slab":53,"minecraft:crafting_table":12,"minecraft:blast_furnace":1,"minecraft:white_bed":19,"minecraft:spruce_log":3,"minecraft:smoker":1,"minecraft:shears":174,"minecraft:lever":11,"minecraft:diamond_pickaxe":794,"minecraft:apple":3,"minecraft:diamond_shovel":745,"minecraft:spruce_trapdoor":15,"minecraft:iron_pickaxe":380,"minecraft:gravel":150,"minecraft:string":385,"minecraft:bread":39,"minecraft:suspicious_stew":2,"minecraft:spruce_sapling":12,"minecraft:stone_axe":36,"minecraft:cobblestone":202,"minecraft:porkchop":1,"minecraft:grindstone":1,"minecraft:cooked_porkchop":6,"minecraft:bucket":85,"minecraft:chain":8,"minecraft:oak_boat":10,"minecraft:experience_bottle":12},"minecraft:dropped":{"minecraft:bread":821,"minecraft:oak_slab":1,"minecraft:glow_ink_sac":4,"minecraft:dripstone_block":2,"minecraft:leather":10,"minecraft:emerald":1,"minecraft:stick":22,"minecraft:dirt":3,"minecraft:diorite":2,"minecraft:torch":9,"minecraft:snowball":216,"minecraft:chain":2,"minecraft:iron_axe":48,"minecraft:iron_pickaxe":2,"minecraft:string":4822,"minecraft:spruce_sapling":4,"minecraft:bone":20,"minecraft:gold_ingot":29,"minecraft:oak_door":2,"minecraft:gravel":12,"minecraft:stone_axe":1,"minecraft:pointed_dripstone":5,"minecraft:rotten_flesh":33,"minecraft:oak_planks":4,"minecraft:white_bed":3,"minecraft:beetroot_seeds":4,"minecraft:hopper":1,"minecraft:blue_ice":1,"minecraft:spider_eye":1,"minecraft:arrow":7,"minecraft:wooden_pickaxe":1,"minecraft:bell":5,"minecraft:quartz":4}},"DataVersion":3953}