{"stats":{"minecraft:mined":{"minecraft:deepslate_redstone_ore":41,"minecraft:tuff":2,"minecraft:deepslate_diamond_ore":93,"minecraft:medium_amethyst_bud":2,"minecraft:amethyst_cluster":3,"minecraft:obsidian":10,"minecraft:crafting_table":9,"minecraft:budding_amethyst":1,"minecraft:calcite":37,"minecraft:grass_block":3,"minecraft:cobblestone":2,"minecraft:spruce_leaves":2,"minecraft:lapis_ore":9,"minecraft:deepslate_gold_ore":25,"minecraft:oak_planks":5,"minecraft:amethyst_block":4,"minecraft:spawner":1,"minecraft:chain":11,"minecraft:furnace":6,"minecraft:iron_ore":32,"minecraft:cobbled_deepslate":11,"minecraft:spruce_log":9,"minecraft:deepslate_lapis_ore":3,"minecraft:oak_log":42,"minecraft:coal_ore":53,"minecraft:deepslate_iron_ore":21,"minecraft:gravel":2,"minecraft:dirt":14,"minecraft:smooth_basalt":3,"minecraft:stone":53,"minecraft:deepslate":96},"minecraft:broken":{"minecraft:stone_pickaxe":1,"minecraft:iron_pickaxe":1},"minecraft:used":{"minecraft:water_bucket":21,"minecraft:stone_pickaxe":130,"minecraft:oak_planks":13,"minecraft:spruce_planks":9,"minecraft:wooden_pickaxe":9,"minecraft:shield":64,"minecraft:stone":1,"minecraft:golden_apple":1,"minecraft:iron_chestplate":1,"minecraft:oak_door":1,"minecraft:torch":50,"minecraft:glow_berries":25,"minecraft:dirt":17,"minecraft:crafting_table":9,"minecraft:tuff":2,"minecraft:diamond_pickaxe":10,"minecraft:iron_axe":143,"minecraft:bread":4,"minecraft:iron_pickaxe":380,"minecraft:iron_boots":1,"minecraft:stone_axe":36,"minecraft:cobblestone":39,"minecraft:porkchop":1,"minecraft:furnace":7,"minecraft:cooked_porkchop":6,"minecraft:bucket":22,"minecraft:chain":8,"minecraft:cooked_beef":10,"minecraft:cobbled_deepslate":94,"minecraft:iron_leggings":1,"minecraft:calcite":3},"minecraft:custom":{"minecraft:interact_with_furnace":20,"minecraft:mob_kills":60,"minecraft:interact_with_crafting_table":15,"minecraft:leave_game":2,"minecraft:time_since_death":78759,"minecraft:time_since_rest":78790,"minecraft:sprint_one_cm":390020,"minecraft:damage_absorbed":26,"minecraft:damage_taken":1895,"minecraft:walk_one_cm":151234,"minecraft:damage_blocked_by_shield":2350,"minecraft:drop":21,"minecraft:damage_dealt":10149,"minecraft:swim_one_cm":24448,"minecraft:fly_one_cm":354481,"minecraft:crouch_one_cm":23483,"minecraft:play_time":104017,"minecraft:deaths":1,"minecraft:sneak_time":9832,"minecraft:walk_under_water_one_cm":21744,"minecraft:jump":2370,"minecraft:walk_on_water_one_cm":26381,"minecraft:total_world_time":104017,"minecraft:fall_one_cm":60580},"minecraft:crafted":{"minecraft:cooked_beef":10,"minecraft:oak_door":3,"minecraft:oak_planks":16,"minecraft:cooked_porkchop":6,"minecraft:crafting_table":1,"minecraft:spruce_planks":32,"minecraft:wooden_pickaxe":1,"minecraft:furnace":1,"minecraft:stone":1,"minecraft:bucket":1,"minecraft:stone_axe":1,"minecraft:air":0,"minecraft:diamond_pickaxe":1,"minecraft:iron_boots":1,"minecraft:iron_chestplate":1,"minecraft:shield":1,"minecraft:iron_axe":1,"minecraft:stick":28,"minecraft:iron_ingot":48,"minecraft:iron_pickaxe":2,"minecraft:stone_pickaxe":1,"minecraft:iron_leggings":1,"minecraft:torch":40},"minecraft:dropped":{"minecraft:oak_door":2,"minecraft:stone_axe":1,"minecraft:glow_ink_sac":4,"minecraft:dripstone_block":2,"minecraft:rotten_flesh":29,"minecraft:leather":6,"minecraft:diorite":2,"minecraft:beetroot_seeds":4,"minecraft:spider_eye":1,"minecraft:chain":2,"minecraft:arrow":7,"minecraft:wooden_pickaxe":1,"minecraft:iron_pickaxe":1,"minecraft:string":1,"minecraft:bone":2},"minecraft:picked_up":{"minecraft:crafting_table":8,"minecraft:glow_ink_sac":4,"minecraft:chest_minecart":1,"minecraft:leather":6,"minecraft:flint":1,"minecraft:tuff":2,"minecraft:oak_log":43,"minecraft:chain":10,"minecraft:gunpowder":9,"minecraft:lapis_lazuli":75,"minecraft:dirt":17,"minecraft:string":1,"minecraft:bone":20,"minecraft:cobbled_deepslate":118,"minecraft:raw_gold":25,"minecraft:beef":13,"minecraft:calcite":37,"minecraft:iron_pickaxe":1,"minecraft:sugar_cane":2,"minecraft:oak_planks":7,"minecraft:furnace":6,"minecraft:raw_iron":53,"minecraft:dripstone_block":2,"minecraft:gravel":2,"minecraft:porkchop":7,"minecraft:amethyst_shard":12,"minecraft:pointed_dripstone":5,"minecraft:diorite":2,"minecraft:spruce_log":8,"minecraft:redstone":183,"minecraft:spider_eye":1,"minecraft:arrow":18,"minecraft:rotten_flesh":29,"minecraft:diamond":93,"minecraft:obsidian":10,"minecraft:coal":130,"minecraft:rail":3,"minecraft:cobblestone":54},"minecraft:killed":{"minecraft:cave_spider":1,"minecraft:pig":4,"minecraft:zombie_villager":1,"minecraft:spider":2,"minecraft:creeper":4,"minecraft:skeleton":11,"minecraft:zombie":30,"minecraft:stray":1,"minecraft:cow":6}},"DataVersion":3953}