{"stats":{"minecraft:used":{"minecraft:dropper":3,"minecraft:polished_andesite_stairs":14,"minecraft:ender_pearl":1,"minecraft:chest":3,"minecraft:torch":1,"minecraft:diamond_sword":316,"minecraft:dirt":1,"minecraft:anvil":2,"minecraft:cobblestone":3,"minecraft:magenta_wool":16,"minecraft:hopper":14,"minecraft:netherite_pickaxe":1,"minecraft:observer":3},"minecraft:picked_up":{"minecraft:torch":2,"minecraft:diamond_sword":4,"minecraft:dirt":23,"minecraft:magenta_wool":1,"minecraft:wheat_seeds":1,"minecraft:phantom_membrane":2,"minecraft:ender_pearl":386,"minecraft:cobblestone":8},"minecraft:dropped":{"minecraft:diamond_sword":4,"minecraft:anvil":1,"minecraft:ender_pearl":338,"minecraft:cobblestone":8,"minecraft:name_tag":3,"minecraft:magenta_wool":1},"minecraft:custom":{"minecraft:time_since_rest":10954,"minecraft:sprint_one_cm":1320,"minecraft:damage_taken":480,"minecraft:walk_one_cm":139925,"minecraft:interact_with_anvil":4,"minecraft:mob_kills":441,"minecraft:drop":218,"minecraft:damage_dealt":15223,"minecraft:fly_one_cm":70088,"minecraft:open_chest":19,"minecraft:crouch_one_cm":1838,"minecraft:play_time":44549,"minecraft:deaths":2,"minecraft:sneak_time":590,"minecraft:jump":207,"minecraft:leave_game":4,"minecraft:walk_on_water_one_cm":739,"minecraft:time_since_death":18452,"minecraft:sleep_in_bed":1,"minecraft:climb_one_cm":330,"minecraft:total_world_time":44549},"minecraft:killed":{"minecraft:enderman":431,"minecraft:phantom":1}},"DataVersion":3953}